id_plant;nom_plant;id_espece;nom_espece
1;4201;1;POIVRON
2;4201 BIO;2;POIVRON BIO
3;ABACUS;3;CHOU-BRUXELLES
4;ABACUS BIO;4;CHOU-BRUXELLES BIO
5;ABAGO;5;LAITUE
6;ABELIE;6;BATAVIA BLONDE
7;ABELLINA;7;LAITUE
8;ABRICOT CAPUCINE BIO;8;TOMATE BIO
9;ABRUZZY;9;CHOU-FLEUR
10;ABSINTHE;10;ABSINTHE
11;ABSINTHE G.F.;11;ABSINTHE
12;A CARDE BLANCHE 3 BIO;12;POIREE VERTE BIO
13;ACHILLE;13;POIVRON
14;ACHILLE BIO;14;POIVRON BIO
15;ACHILLEE MILLEFEUILLE;15;DIVERS
16;ACHILLEE MILLEFEUILLE BIO;16;DIVERS BIO
17;A CONFIRE;17;CONCOMBRE
18;A CONFIRE (PASTEQUE);18;PASTEQUE
19;ACROPOLE;19;BATAVIA BLONDE
20;ACTION;20;BETTERAVE
21;ACUARIO;21;MULTIFEUILLE BLONDE
22;ADELCO;22;CHOU-CHOUCROUTE
23;ADENDA;23;TOMATE CONSERVE
24;ADENDA BIO;24;TOMATE CONSERVE BIO
25;ADICAMP;25;ROMAINE
26;ADICAMP BIO;26;ROMAINE BIO
27;ADMIR;27;CHENE BLONDE
28;ADONA BIO;28;CHOU-FLEUR BIO
29;ADORABEL;29;BATAVIA BLONDE
30;ADVISOR;30;TOMATE CONSERVE
31;AEROSPACE;31;CHOU-FLEUR
32;AFERDITA;32;LAITUE
33;AFERDITA BIO;33;LAITUE BIO
34;AFINA PG/NPG;34;CELERI A COUPER
35;AGASTACHE;35;AGASTACHE
36;AGASTACHE G.F.;36;AGASTACHE
37;AGORA;37;TOMATE
38;AGUADULCE;38;FEVE
39;AIL DE CHINE;39;AROMATIQUE
40;AIL DE L'OURS (CIBOULE);40;CIBOULE
41;AIOLOS;41;CONCOMBRE
42;AKINEN;42;CHOU-FLEUR
43;AKITO;43;CONCOMBRE
44;AKITO BIO;44;CONCOMBRE BIO
45;ALADIN BIO;45;MELON BIO
46;ALAMBIQUE;46;CHOU-FLEUR
47;ALARIC;47;HARICOT
48;ALASKA;48;CHOU-FRISE
49;ALASKA BIO;49;CHOU-FRISE BIO
50;ALBARUS;50;CHOU-BRUXELLES
51;ALBINA VEREDUNA;51;BETTERAVE
52;ALBORADA BIO;52;SUCRINE BIO
53;ALBY;53;POIVRON
54;ALCALINE;54;CHENE ROUGE
55;ALCAZAR;55;CONCOMBRE
56;ALCIRA;56;SUCRINE
57;ALDENTE;57;COURGE
58;ALIGOTE;58;TOMATE
59;ALIGOTE BIO;59;TOMATE BIO
60;ALMA;60;SCAROLE
61;ALMA BIO;61;SCAROLE BIO
62;ALMUDEN;62;POIVRON
63;ALMUDEN BIO;63;POIVRON BIO
64;ALONIX;64;CHENE ROUGE
65;ALONIX BIO;65;CHENE ROUGE BIO
66;ALPEN;66;CHOU-FLEUR
67;ALTAMIRA;67;CHOU-FLEUR
68;ALTARE;68;LAITUE
69;ALTEA;69;COURGETTE
70;ALUMBRERA;70;CHENE ROUGE
71;ALVARO;71;MELON
72;ALWENNA;72;BATAVIA BLONDE
73;ALYSSE;73;AROMATIQUE
74;ALYSSE BIO;74;AROMATIQUE BIO
75;ALZEVIR;75;CHENE BLONDE
76;AMALIA;76;AUBERGINE
77;AMALIA BIO;77;AUBERGINE BIO
78;AMALTHEE;78;COURGETTE
79;AMALTHEE BIO;79;COURGETTE BIO
80;AMAPOLA;80;TOMATE
81;AMARNA;81;LAITUE
82;AMAROZA;82;BATAVIA BLONDE
83;AMAROZA BIO;83;BATAVIA BLONDE BIO
84;AMAZON;84;CHOU-LISSE
85;AMBITION;85;ECHALOTE
86;AMBITION BIO;86;ECHALOTE BIO
87;AMBOISE;87;BATAVIA ROUGE
88;AMBOISE BIO;88;BATAVIA ROUGE BIO
89;AMERIGO;89;TOMATE
90;AMORGOS;90;COURGETTE
91;AMORO;91;POTIMARRON
92;AMORO BIO;92;POTIMARRON BIO
93;AMPUIS;93;BLETTE
94;AMPUIS BIO;94;BLETTE BIO
95;AMY;95;FRISEE
96;ANACOEUR;96;TOMATE
97;ANACOEUR BIO;97;TOMATE BIO
98;ANALORA;98;LAITUE
99;ANALORA BIO;99;LAITUE BIO
100;ANALOTTA;100;LAITUE
101;ANAMIGO;101;LAITUE
102;ANANAS;102;TOMATE
103;ANANAS BIO;103;TOMATE BIO
104;ANANDRA;104;LAITUE
105;ANASTA;105;MELON
106;ANASTA BIO;106;MELON BIO
107;ANASUN;107;TOMATE
108;ANASUN BIO ;108;TOMATE BIO
109;ANAZERIA;109;LAITUE
110;ANDERSIA;110;CHOU-BROCOLI
111;ANDINE CORNUE;111;TOMATE
112;ANDINE CORNUE BIO;112;TOMATE BIO
113;ANESCA;113;LOLLO ROUGE
114;ANETH;114;ANETH
115;ANETH BIO G.F.;115;ANETH BIO
116;ANETH G.F.;116;ANETH
117;ANETH OFFICINALE BIO;117;ANETH BIO
118;ANETO;118;MELON
119;ANGELA;119;AUBERGINE
120;ANGELA BIO;120;AUBERGINE BIO
121;ANGELIQUE;121;LAITUE
122;ANGELIQUE AROMATIQUE;122;AROMATIQUE
123;ANGELIX;123;CHENE ROUGE
124;ANGELLE;124;TOMATE
125;ANIMIX;125;CHENE ROUGE
126;ANIMIX BIO;126;CHENE ROUGE BIO
127;ANIS;127;BASILIC
128;ANNA RUSSIAN;128;TOMATE
129;ANNINA;129;AUBERGINE
130;ANNINA BIO;130;AUBERGINE BIO
131;ANTAINE;131;ROUGETTE
132;ANTAINE BIO;132;ROUGETTE BIO
133;ANTEDIS;133;LAITUE
134;ANTIGONE;134;BATAVIA BLONDE
135;ANTIPASTI;135;LAITUE
136;ANTIRRHINUM MAJUS;136;FLEUR
137;ANTIVOLE;137;BATAVIA BLONDE
138;APERO;138;TOMATE
139;APERO BIO;139;TOMATE BIO
140;APETICIO;140;TOMATE
141;APETICIO BIO;141;TOMATE BIO
142;APOGIA;142;COURGETTE
143;APOGIA BIO;143;COURGETTE BIO
144;APPARI;144;SCAROLE
145;APRILIA;145;CHOU-FLEUR
146;APRIX;146;TOMATE CONSERVE
147;APRIX BIO;147;TOMATE CONSERVE BIO
148;AQUALIE;148;BATAVIA BLONDE
149;AQUATA;149;CHOU-FLEUR
150;AQUILONE;150;COURGETTE
151;AQUINO;151;MULTIFEUILLE BLONDE
152;AQUINO BIO;152;MULTIFEUILLE BLONDE BIO
153;ARABESK;153;MELON
154;ARABESK BIO;154;MELON BIO
155;ARACHIDE;155;CACAHUETE
156;ARACHIDE G.F.;156;CACAHUETE
157;ARAMAI;157;CHENE ROUGE
158;ARAMIS;158;THYM
159;ARAMIS;159;NAVET
160;ARAMIS BIO;160;THYM BIO
161;ARANZA;161;SCAROLE
162;ARAPAHO;162;MELON
163;ARAPAHO BIO;163;MELON BIO
164;ARARO;164;CHENE BLONDE
165;ARARO BIO;165;CHENE BLONDE BIO
166;ARAWAK;166;TOMATE
167;ARBASON;167;TOMATE
168;ARCHIVEL;168;SUCRINE
169;ARGENTATA 3;169;BLETTE
170;ARGOS;170;BASILIC
171;ARIEL;171;BUTTERNUT
172;ARIEL BIO;172;BUTTERNUT BIO
173;ARIZONA;173;CHOU-FLEUR
174;ARKADE;174;MELON
175;ARKADE BIO;175;MELON BIO
176;ARLEQUIN;176;MELON
177;ARLEQUIN BIO;177;MELON BIO
178;AROA;178;LAITUE
179;AROMATIQUE BIO;179;AROMATIQUE BIO
180;AROMATIQUE BIO G.F.;180;AROMATIQUE BIO
181;ARSENAL BIO;181;PANAIS BIO
182;ARTEMIDE;182;CHOU-FLEUR
183;ARTEMISA;183;ARTICHAUT
184;ARTEMISA BIO;184;ARTICHAUT BIO
185;ARTEMIS BIO;185;MELON BIO
186;ARTICHAUT;186;ARTICHAUT
187;ARTICHAUT BIO;187;ARTICHAUT BIO
188;ARTICHAUT BIO G.F.;188;ARTICHAUT BIO
189;ARTICHAUT G.F.;189;ARTICHAUT
190;ARTORIUS;190;MELON
191;ARTORIUS BIO;191;MELON BIO
192;ARTURO;192;CHENE BLONDE
193;ARTURO BIO;193;CHENE BLONDE BIO
194;ARUM;194;MELON
195;ARWEN;195;POIVRON
196;ARWEN BIO;196;POIVRON BIO
197;ASPEN;197;COURGE
198;ASTENAL;198;FRISEE
199;ASTIA;199;COURGETTE
200;ASTRAKAN;200;CHENE ROUGE
201;ASTREN;201;CHOU-FLEUR
202;ATAVIR;202;CHENE BLONDE
203;ATLANTA;203;POIREAU
204;ATLANTIC;204;NAVET
205;ATLANUM;205;CHOU-FRISE
206;ATLAS;206;COURGE
207;ATOS;207;THYM
208;ATRACTUM;208;CHOU-FRISE
209;ATTIRAI;209;CHENE ROUGE
210;ATTRACTION BIO;210;LAITUE BIO
211;ATYLIADE;211;TOMATE
212;AUBADE;212;TOMATE
213;AUBERGINE;213;AUBERGINE
214;AUBERGINE BIO;214;AUBERGINE BIO
215;AUBERGINE BIO G.F.;215;AUBERGINE BIO
216;AUBERGINE G.F.;216;AUBERGINE
217;AUDACI;217;SCAROLE
218;AUDAX;218;CONCOMBRE
219;AUDAX BIO;219;CONCOMBRE BIO
220;AUGUSTA;220;PASTEQUE
221;AUGUSTUS PG/NPG;221;CELERI BRANCHE
222;AUREA;222;TOMATE
223;AUREA BIO;223;TOMATE BIO
224;AUREO;224;CHOU-FLEUR
225;AUREO BIO;225;CHOU-FLEUR BIO
226;AVALON (COURGES);226;COURGE
227;AVEMUS;227;ROMAINE
228;AVENIR;228;CHENE BLONDE
229;AVIRON;229;CHOU-FLEUR
230;AVISO;230;CHOU-FLEUR
231;AVISO BIO;231;CHOU-FLEUR BIO
232;AVOINE BIO;232;AVOINE BIO
233;AVOINE BIO G.F.;233;AVOINE BIO
234;AVRAL;234;FRISEE
235;AWAKINO;235;POIVRON
236;AYARAI;236;CHENE ROUGE
237;AYARAI BIO;237;CHENE ROUGE BIO
238;AZERIS;238;CHOU-FLEUR
239;AZERIX;239;CHENE ROUGE
240;AZIRKA;240;LOLLO ROUGE
241;AZUR;241;POIREAU
242;AZUR STAR;242;CHOU-RAVE
243;AZUR STAR BIO;243;CHOU-RAVE BIO
244;BABILON;244;CHOU-BROCOLI
245;BABYVIK;245;COURGE
246;BAJONET;246;CHOU-LISSE
247;BAKARA;247;MELON
248;BALBOA;248;CHOU-FLEUR
249;BALBOA BIO;249;CHOU-FLEUR BIO
250;BALCONI;250;POIVRON
251;BALUROI;251;AUBERGINE
252;BALUROI BIO;252;AUBERGINE BIO
253;BALZAC;253;CHOU-FLEUR
254;BAMANO BIO;254;TOMATE BIO
255;BAMBELO;255;TOMATE
256;BAMBINO;256;POIVRON
257;BAMBY;257;POIS
258;BANDIT BIO;258;POIREAU BIO
259;BANDOLERO;259;CHOU-ROUGE
260;BARBARELLA;260;AUBERGINE
261;BARBENTANE;261;AUBERGINE
262;BARBENTANE BIO;262;AUBERGINE BIO
263;BARBEX;263;MULTIFEUILLE ROUGE
264;BARBOSA;264;CHOU-FRISE
265;BARCELONA;265;CHOU-FLEUR
266;BARCIA;266;LAITUE
267;BARESE;267;BLETTE
268;BARESE BIO;268;BLETTE BIO
269;BARLACH;269;MULTIFEUILLE ROUGE
270;BARLACH BIO;270;MULTIFEUILLE ROUGE BIO
271;BARLETTA;271;OIGNON
272;BARNABIE;272;BATAVIA BLONDE
273;BARNABIE BIO;273;BATAVIA BLONDE BIO
274;BARONA;274;OIGNON
275;BARTAL;275;BATAVIA ROUGE
276;BARTELLY BIO;276;TOMATE BIO
277;BARTOLINA;277;TOMATE
278;BARTOLINA BIO;278;TOMATE BIO
279;BASALMINE;279;LOLLO ROUGE
280;BASALMINE BIO;280;LOLLO ROUGE BIO
281;BASIDRA;281;LAITUE
282;BASILIC;282;BASILIC
283;BASILIC BIO;283;BASILIC BIO
284;BASILIC BIO G.F.;284;BASILIC BIO
285;BASILIC G.F.;285;BASILIC
286;BASILIO;286;LAITUE
287;BATAVIA BLONDE;287;BATAVIA BLONDE
288;BATAVIA BLONDE BIO;288;BATAVIA BLONDE BIO
289;BATAVIA BLONDE BIO G.F.;289;BATAVIA BLONDE BIO
290;BATAVIA  BLONDE G.F.;290;BATAVIA BLONDE
291;BATAVIA BLONDE NB;291;BATAVIA BLONDE
292;BATAVIA ROUGE;292;BATAVIA ROUGE
293;BATAVIA ROUGE BIO;293;BATAVIA ROUGE BIO
294;BATAVIA ROUGE BIO G.F.;294;BATAVIA ROUGE BIO
295;BATAVIA ROUGE G.F.;295;BATAVIA ROUGE
296;BATAVIA ROUGE NB;296;BATAVIA ROUGE
297;BATISTA;297;BATAVIA BLONDE
298;BATSUN;298;BATAVIA BLONDE
299;BATTLESTAR;299;SUCRINE
300;BEATRICE;300;AUBERGINE
301;BEATRICE BIO;301;AUBERGINE BIO
302;BEAUFORT;302;PORTE GREFFE
303;BEAUFORT BIO;303;TOMATE BIO
304;BEAUFORT BIO;304;PORTE GREFFE BIO
305;BEAUTE BLANCHE BIO;305;TOMATE BIO
306;BEDUINA;306;LAITUE
307;BEEFMASTER;307;TOMATE
308;BELAMOR;308;TOMATE
309;BELCANTO;309;MELON
310;BELCANTO BIO;310;MELON BIO
311;BELESAI;311;CHENE ROUGE
312;BELESAI BIO;312;CHENE ROUGE BIO
313;BELICOS;313;ROMAINE
314;BELLACIO;314;TOMATE
315;BELLACIO BIO;315;TOMATE BIO
316;BELLACOEUR;316;TOMATE
317; BELLACOEUR BIO;317;TOMATE BIO
318;BELLAFORE;318;LAITUE
319;BELLANDINE;319;TOMATE
320;BELLANIA;320;POIVRON
321;BELLASTAR;321;TOMATE
322;BELLINI;322;AUBERGINE
323;BELLINI BIO;323;AUBERGINE BIO
324;BELLKARO;324;POIVRON
325;BELLOGIA;325;TOMATE
326;BELLOGIA BIO;326;TOMATE BIO
327;BELLOSUN;327;TOMATE
328;BELLOSUN BIO;328;TOMATE BIO
329;BELLOTTO;329;FENOUIL
330;BELLOTTO BIO;330;FENOUIL BIO
331;BELMANDIA;331;TOMATE
332;BELMANDIA BIO;332;TOMATE BIO
333;BELOT;333;CHOU-FLEUR
334;BELOT BIO;334;CHOU-FLEUR BIO
335;BELSTAR;335;CHOU-BROCOLI
336;BELSTAR BIO;336;CHOU-BROCOLI BIO
337;BELTON;337;POIREAU
338;BELTON BIO;338;POIREAU BIO
339;BELWEN;339;CHENE ROUGE
340;BENEFINE;340;FRISEE
341;BERAC;341;BLETTE
342;BERAC BIO;342;BLETTE BIO
343;BERENICE;343;CHENE BLONDE
344;BERENICE BIO;344;CHENE BLONDE BIO
345;BERENICE GR BIO;345;CHENE ROUGE BIO
346;BERNINI BIO;346;FENOUIL BIO
347;BERNINI CHICOREE;347;CHICOREE
348;BERNINI FENOUIL;348;FENOUIL
349;BESTY;349;CHOU-BROCOLI
350;BETTERAVE;350;BETTERAVE
351;BETTERAVE BIO;351;BETTERAVE BIO
352;BETTERAVE BIO G.F.;352;BETTERAVE BIO
353;BETTERAVE G.F.;353;BETTERAVE
354;BETTOLLO;354;BETTERAVE
355;BETTY BLUE;355;COURGE
356;BEYONCE;356;AUBERGINE
357;BIBO;357;PASTEQUE
358;BIFRIE;358;BATAVIA BLONDE
359;BIFRIE BIO;359;BATAVIA BLONDE BIO
360;BIG BORLOTTO;360;HARICOT
361;BIHAR;361;POIVRON
362;BIRGIT;362;LAITUE
363;BLACK CHERRY;363;TOMATE
364;BLACK CHERRY BIO;364;TOMATE BIO
365;BLACK FROM TULA BIO;365;TOMATE BIO
366;BLACK PEARL;366;AUBERGINE
367;BLACK PEARL BIO;367;AUBERGINE BIO
368;BLACK ZEBRA;368;TOMATE
369;BLACK ZEBRA BIO;369;TOMATE BIO
370;BLANCHE RONDE A OEUFS;370;AUBERGINE
371;BLANCHE RONDE A OEUFS BIO;371;AUBERGINE BIO
372;BLANCO;372;CARDON
373;BLANC RACE MAVRIK/4G;373;NAVET
374;BLAUHILDE;374;HARICOT
375;BLAUHILDE BIO;375;HARICOT BIO
376;BLETTE;376;BLETTE
377;BLETTE BIO;377;BLETTE BIO
378;BLETTE BIO G.F.;378;BLETTE BIO
379;BLETTE G.F.;379;BLETTE
380;BLEU DE HONGRIE;380;COURGE
381;BLEU DE SOLAISE;381;POIREAU
382;BLEUET BIO;382;BLEUET BIO
383;BLEUET BIO G.F.;383;BLEUET BIO
384;BLEU HEAVEN;384;POTIRON
385;BLOKTOR;385;CHOU-CABUS
386;BLONDE N°2;386;BLETTE
387;BLONDY;387;TOMATE
388;BLUE BALLET;388;POTIMARRON
389;BLUE BEAUTY;389;TOMATE
390;BLUE BERRIES BIO;390;TOMATE BIO
391;BLUE STREAKS BIO;391;TOMATE BIO
392;BLUESUMMER;392;CONCOMBRE
393;BLUE TONIC;393;TOMATE
394;BLUE TONIC BIO;394;TOMATE BIO
395;BODAR;395;TOMATE
396;BODELICE;396;MELON
397;BODELICE BIO;397;MELON BIO
398;BODILIS;398;CHOU-FLEUR
399;BOHAN;399;BETTERAVE
400;BOKSTON;400;POIREAU
401;BOLDOR/2GRS;401;BETTERAVE
402;BOLIER;402;ORIGAN
403;BOLIVAR;403;BETTERAVE
404;BOLIVAR BIO;404;BETTERAVE BIO
405;BOLSTAR GRANDA BIO;405;TOMATE BIO
406;BOM BIO;406;COURGETTE BIO
407;BONEMINE;407;CHENE ROUGE
408;BONICA;408;AUBERGINE
409;BONICA BIO;409;AUBERGINE BIO
410;BONNETHEAD;410;EPINARD
411;BORABORA;411;MELON
412;BORIS;412;CHOU-FLEUR
413;BORSALINA;413;TOMATE
414;BORSALINA BIO;414;TOMATE BIO
415;BOSCO;415;CONCOMBRE
416;BOSTON;416;PASTEQUE
417;BOSWORTH;417;CHOU-BRUXELLES
418;BOTTICELLI CHICOREE;418;CHICOREE
419;BOTTICELLI FENOUIL;419;FENOUIL
420;BOUCAN;420;CHENE ROUGE
421;BOUCAN BIO;421;CHENE ROUGE BIO
422;BOURRACHE;422;AROMATIQUE
423;BOUSSOLE;423;BATAVIA BLONDE
424;BOWING BIO;424;CONCOMBRE BIO
425;BOXFISH;425;EPINARD
426;BRADY;426;CHOU-LISSE
427;BRAVENCE;427;TOMATE
428;BRENDA;428;TOMATE
429;BRENNIGA;429;BATAVIA BLONDE
430;BRENTYLIA;430;TOMATE
431;BRESKO;431;BETTERAVE
432;BRETTEN;432;CHOU-FLEUR
433;BRETZEL;433;LAITUE
434;BRETZEL BIO;434;LAITUE BIO
435;BRICK;435;CHOU-FLEUR
436;BRIDENICE;436;CHENE BLONDE
437;BRIGHT LIGHT;437;BLETTE
438;BRIGHT LIGHT BIO;438;BLETTE BIO
439;BRIGHT SUMMER BIO;439;POTIMARRON BIO
440;BRIGHT YELLOW;440;BLETTE
441;BRIGHT YELLOW BIO;441;BLETTE BIO
442;BRIGITTE;442;CHOU-BRUXELLES
443;BRIONE;443;TOMATE
444;BROMHA;444;CHOU-FLEUR
445;BRONCOS;445;COURGETTE
446;BRONZE A COUPER (FENOUIL);446;FENOUIL
447;BRONZE D'AMPOSTA;447;OIGNON
448;BRONZE D'AMPOSTA BIO;448;OIGNON BIO
449;BRONZE MIGNONETTE BIO;449;LAITUE BIO
450;BRUTUS;450;MELON
451;BUDDY BIO;451;POIS BIO
452;BUFFALOPINK;452;TOMATE
453;BUFFALOSTEAK;453;TOMATE
454;BUFFALOSTEAK BIO;454;TOMATE BIO
455;BUFFALOSUN;455;TOMATE
456;BUFFALOSUN BIO;456;TOMATE BIO
457;BURELA;457;SUCRINE
458;BURETTE;458;LAITUE ROUGE
459;BURTON;459;CHOU-CABUS
460;BUSCARO;460;CHOU-ROUGE
461;BUSCARO BIO;461;CHOU-ROUGE BIO
462;BUTTERFLAY BIO;462;EPINARD BIO
463;BUTTERNUT;463;BUTTERNUT
464;BUTTERNUT BIO;464;BUTTERNUT BIO
465;BUTTERNUT BIO G.F.;465;BUTTERNUT BIO
466;BUTTERNUT G.F.;466;BUTTERNUT
467;BUTTOR;467;BUTTERNUT
468;BVA942;468;BATAVIA BLONDE
469;BYELSA;469;TOMATE
470;BYELSA BIO;470;TOMATE BIO
471;CABOSSE;471;TOMATE
472;CABOSSE BIO;472;TOMATE BIO
473;CADENCE;473;MELON
474;CALADOU;474;TOMATE CONSERVE
475;CALAO;475;MELON
476;CALARASI;476;MACHE
477;CALIBAI;477;CHENE ROUGE
478;CALIBAI BIO;478;CHENE ROUGE BIO
479;CALIBELLO;479;POIVRON
480;CALIBELLO BIO;480;POIVRON BIO
481;CALINDA;481;LAITUE
482;CALLIOPE;482;AUBERGINE
483;CALLIOPE BIO;483;AUBERGINE BIO
484;CAMAN;484;CONCOMBRE
485;CAMAN BIO;485;CONCOMBRE BIO
486;CAMELAI;486;CHENE ROUGE
487;CAMELAI BIO;487;CHENE ROUGE BIO
488;CAMELFORCE;488;PORTE GREFFE
489;CAMELFORCE BIO;489;PORTE GREFFE BIO
490;CAMPARI BIO;490;TOMATE BIO
491;CAMPERO;491;POIVRON
492;CANALETTO;492;CHICOREE
493;CANCUN;493;MELON
494;CANCUN BIO;494;MELON BIO
495;CANDIDA;495;BLETTE
496;CANEIRA BIO;496;LAITUE BIO
497;CANELLE BIO;497;BASILIC BIO
498;CANILLA;498;TOMATE
499;CANTANDO;499;TOMATE
500;CANTASA BIO;500;CHOU-FRISE BIO
501;CANTERBURY;501;LAITUE
502;CAPITOLE;502;BATAVIA BLONDE
503;CAPOEIRA;503;ROMAINE
504;CAPPUCCINO;504;TOMATE
505;CAPRICCIO ARTICHAUT;505;ARTICHAUT
506;CAPRICCIO BIO;506;ARTICHAUT BIO
507;CAPRICCIO CHOUX;507;CHOU-FRISE
508;CAPRICCIO TOMATE;508;TOMATE
509;CAPRICCIO TOMATE BIO;509;TOMATE BIO
510;CAPRICORN;510;POIVRON
511;CARACOLA;511;BATAVIA BLONDE
512;CARACOLA BIO;512;BATAVIA BLONDE BIO
513;CARAFLEX;513;CHOU-POINTU
514;CARAFLEX BIO;514;CHOU-POINTU BIO
515;CARANTIC;515;CHOU-FLEUR
516;CARAVAGGIO;516;COURGETTE
517;CARDE;517;CARDE
518;CARDE BIO;518;CARDE BIO
519;CARDE BIO G.F.;519;CARDE BIO
520;CARDE G.F.;520;CARDE
521;CARDINAL;521;TOMATE
522;CARDINAL BIO;522;TOMATE BIO
523;CARDIOLA;523;TOMATE
524;CARDON;524;CARDON
525;CARDON G.F.;525;CARDON
526;CARDYNA;526;TOMATE
527;CARDYNA BIO;527;TOMATE BIO
528;CARENTIC;528;CHOU-FLEUR
529;CARIBE;529;CORIANDRE
530;CARIBE BIO;530;CORIANDRE BIO
531;CARILLON/2GRS;531;BETTERAVE
532;CARMELLO;532;TOMATE
533;CARMINAT;533;HARICOT
534;CARNEGIE;534;TOMATE
535;CARNELIAN;535;LOLLO ROUGE
536;CAROTTE;536;CAROTTE BIO
537;CAROTTE;537;CAROTTE
538;CAROTTE BIO G.F.;538;CAROTTE BIO
539;CAROTTE G.F.;539;CAROTTE
540;CAROUBEL;540;POIS
541;CAROUBEL BIO;541;POIS BIO
542;CAROUBY DE MAUSSANE;542;POIS
543;CAROUSEL;543;LAITUE
544;CARTAGENA;544;CHOU-FLEUR
545;CARTESIO;545;CHOU-ROMANESCO
546;CARTIER;546;CHOU-FLEUR
547;CARVA;547;ORIGAN
548;CARVA BIO;548;ORIGAN BIO
549;CARVALIA;549;THYM
550;CARVALIA BIO;550;THYM BIO
551;CARVARO;551;THYM
552;CARVARO BIO;552;THYM BIO
553;CARVARO G1;553;THYM
554;CARVARO G1 BIO;554;THYM BIO
555;CARVARO G2;555;THYM
556;CASANIX;556;CHENE ROUGE
557;CASILDA;557;PASTEQUE
558;CASSANDRA;558;COURGETTE
559;CASSANDRA BIO;559;COURGETTE BIO
560;CASSIOPEE;560;COURGETTE
561;CASTELARD;561;CHOU-POINTU
562;CASTELLO BIO;562;CHOU-LISSE BIO
563;CASTORE;563;FENOUIL
564;CASTORE BIO;564;FENOUIL BIO
565;CAURABONA;565;TOMATE
566;CAURABONA BIO;566;TOMATE BIO
567;CAURALINA;567;TOMATE
568;CAURALINA BIO;568;TOMATE BIO
569;CAVALE;569;ROUGETTE
570;CAVALE BIO;570;ROUGETTE BIO
571;CAYLEN;571;CHOU-FLEUR
572;CELEBRATION;572;COURGE
573;CELERI;573;CELERI (ARCHIVÉ)
574;CELERI;574;CELERI
575;CELERI A COUPER;575;CELERI A COUPER
576;CELERI A COUPER BIO G.F.;576;CELERI A COUPER BIO
577;CELERI A COUPER BIO PG/NPG;577;CELERI A COUPER BIO
578;CELERI A COUPER G.F.;578;CELERI A COUPER
579;CELERI BIO;579;CELERI BIO
580;CELERI BIO G.F.;580;CELERI BIO (ARCHIVÉ)
581;CELERI BIO G.F.;581;CELERI BIO
582;CELERI BRANCHE BIO G.F.;582;CELERI BRANCHE BIO
583;CELERI BRANCHE BIO PG/NPG;583;CELERI BRANCHE BIO
584;CELERI BRANCHE G.F.;584;CELERI BRANCHE
585;CELERI BRANCHE PG/NPG;585;CELERI BRANCHE
586;CELERI G.F.;586;CELERI (ARCHIVÉ)
587;CELERI G.F.;587;CELERI
588;CELERI RAVE BIO G.F.;588;CELERI RAVE BIO
589;CELERI RAVE BIO PG/NPG;589;CELERI RAVE BIO
590;CELERI RAVE G.F.;590;CELERI RAVE
591;CELERI RAVE PG/NPG;591;CELERI RAVE
592;CELERIS BIO;592;CELERI BIO (ARCHIVÉ)
593;CELESTE;593;COURGETTE
594;CELESTEEN;594;TOMATE
595;CELESTEEN BIO;595;TOMATE BIO
596;CELIO;596;CHOU-ROMANESCO
597;CELIO BIO;597;CHOU-ROMANESCO BIO
598;CELISTRA;598;SUCRINE
599;CELISTRA BIO;599;SUCRINE BIO
600;CELTUCE;600;LAITUE
601;CENCARA;601;TOMATE
602;CENCARA BIO;602;TOMATE BIO
603;CENDIS;603;CHOU-FLEUR
604;CENOL;604;OIGNON
605;CENOL BIO;605;OIGNON BIO
606;CENTAURO;606;CONCOMBRE
607;CERFEUIL;607;CERFEUIL
608;CERFEUIL BIO;608;CERFEUIL BIO
609;CERFEUIL BIO G.F.;609;CERFEUIL BIO
610;CERFEUIL G.F.;610;CERFEUIL
611;CETIA;611;TOMATE
612;CEZANE;612;MELON
613;CHAMBORD;613;CHOU-FLEUR
614;CHAMBRE AGRI BIO;614;SALADE BIO
615;CHANA;615;CHOU-POINTU
616;CHARIF;616;CHOU-FLEUR
617;CHARLESTONE;617;BATAVIA BLONDE
618;CHARLIK;618;BLETTE
619;CHARLIK BIO;619;BLETTE BIO
620;CHARLOT;620;CHOU-FLEUR
621;CHARMANT;621;CHOU-LISSE
622;CHEDDAR;622;CHOU-FLEUR ORANGE
623;CHENE BLONDE;623;CHENE BLONDE
624;CHENE BLONDE BIO;624;CHENE BLONDE BIO
625;CHENE BLONDE BIO G.F.;625;CHENE BLONDE BIO
626;CHENE BLONDE G.F.;626;CHENE BLONDE
627;CHENE BLONDE NB;627;CHENE BLONDE
628;CHENE ROUGE;628;CHENE ROUGE
629;CHENE ROUGE BIO;629;CHENE ROUGE BIO
630;CHENE ROUGE BIO G.F.;630;CHENE ROUGE BIO
631;CHENE ROUGE G.F;631;CHENE ROUGE
632;CHENE ROUGE NB;632;CHENE ROUGE
633;CHEROLA;633;BATAVIA BLONDE
634;CHESTER;634;LAITUE
635;CHEVALIER;635;CHOU-BROCOLI
636;CHEYENNE;636;PERSIL FRISE
637;CHICOREE;637;CHICOREE
638;CHICOREE BIO;638;CHICOREE BIO
639;CHICOREE BIO G.F.;639;CHICOREE BIO
640;CHICOREE G.F.;640;CHICOREE
641;CHINESE CHIVES/1GR BIO;641;DIVERS BIO
642;CHIOGGIA ;642;BETTERAVE
643;CHIOGGIA RACE BILIK/;643;BETTERAVE
644;CHORUS;644;MELON
645;CHOU;645;CHOU
646;CHOU BIO;646;CHOU BIO
647;CHOU BIO G.F.;647;CHOU BIO
648;CHOU-BROCOLI;648;CHOU-BROCOLI
649;CHOU-BROCOLI BIO;649;CHOU-BROCOLI BIO
650;CHOU-BROCOLI BIO G.F.;650;CHOU-BROCOLI BIO
651;CHOU-BROCOLI G.F.;651;CHOU-BROCOLI
652;CHOU-BRUXELLES;652;CHOU-BRUXELLES
653;CHOU-BRUXELLES BIO;653;CHOU-BRUXELLES BIO
654;CHOU-BRUXELLES BIO G.F.;654;CHOU-BRUXELLES BIO
655;CHOU-BRUXELLES G.F.;655;CHOU-BRUXELLES
656;CHOU-CABUS;656;CHOU-CABUS
657;CHOU-CABUS BIO;657;CHOU-CABUS BIO
658;CHOU-CABUS BIO G.F.;658;CHOU-CABUS BIO
659;CHOU-CABUS G.F.;659;CHOU-CABUS
660;CHOU-CHINOIS;660;CHOU-CHINOIS
661;CHOU-CHINOIS BIO;661;CHOU-CHINOIS BIO
662;CHOU-CHINOIS BIO G.F.;662;CHOU-CHINOIS BIO
663;CHOU-CHINOIS G.F.;663;CHOU-CHINOIS
664;CHOU-CHOUCROUTE;664;CHOU-CHOUCROUTE
665;CHOU-CHOUCROUTE BIO;665;CHOU-CHOUCROUTE BIO
666;CHOU-CHOUCROUTE BIO G.F.;666;CHOU-CHOUCROUTE BIO
667;CHOU-CHOUCROUTE G.F.;667;CHOU-CHOUCROUTE
668;CHOU-FLEUR;668;CHOU-FLEUR
669;CHOU FLEUR BIO;669;CHOU BIO
670;CHOU-FLEUR BIO;670;CHOU-FLEUR BIO
671;CHOU-FLEUR BIO G.F.;671;CHOU-FLEUR BIO
672;CHOU-FLEUR G.F.;672;CHOU-FLEUR
673;CHOU-FLEUR ORANGE;673;CHOU-FLEUR ORANGE
674;CHOU-FLEUR ORANGE BIO;674;CHOU-FLEUR ORANGE BIO
675;CHOU-FLEUR ORANGE BIO G.F.;675;CHOU-FLEUR ORANGE BIO
676;CHOU-FLEUR ORANGE G.F.;676;CHOU-FLEUR ORANGE
677;CHOU-FLEUR VERT;677;CHOU-FLEUR VERT
678;CHOU-FLEUR VERT BIO;678;CHOU-FLEUR VERT BIO
679;CHOU-FLEUR VERT BIO G.F.;679;CHOU-FLEUR VERT BIO
680;CHOU-FLEUR VERT G.F.;680;CHOU-FLEUR VERT
681;CHOU-FLEUR VIOLET;681;CHOU-FLEUR VIOLET
682;CHOU-FLEUR VIOLET BIO;682;CHOU-FLEUR VIOLET BIO
683;CHOU-FLEUR VIOLET BIO G.F.;683;CHOU-FLEUR VIOLET BIO
684;CHOU-FLEUR VIOLET G.F.;684;CHOU-FLEUR VIOLET
685;CHOU-FRISE;685;CHOU-FRISE
686;CHOU-FRISE BIO;686;CHOU-FRISE BIO
687;CHOU-FRISE BIO G.F.;687;CHOU-FRISE BIO
688;CHOU-FRISE G.F.;688;CHOU-FRISE
689;CHOU G.F.;689;CHOU
690;CHOU-KALE;690;CHOU-KALE
691;CHOU-KALE BIO;691;CHOU-KALE BIO
692;CHOU-KALE BIO G.F.;692;CHOU-KALE BIO
693;CHOU-KALE G.F.;693;CHOU-KALE
694;CHOU-LISSE;694;CHOU-LISSE
695;CHOU-LISSE BIO;695;CHOU-LISSE BIO
696;CHOU-LISSE BIO G.F.;696;CHOU-LISSE BIO
697;CHOU-LISSE G.F.;697;CHOU-LISSE
698;CHOU-LISSE ROUGE;698;CHOU-LISSE ROUGE
699;CHOU-LISSE ROUGE BIO;699;CHOU-LISSE ROUGE BIO
700;CHOU-LISSE ROUGE BIO G.F.;700;CHOU-LISSE ROUGE BIO
701;CHOU-LISSE ROUGE G.F.;701;CHOU-LISSE ROUGE
702;CHOUPAC;702;BATAVIA BLONDE
703;CHOU-POINTU;703;CHOU-POINTU
704;CHOU-POINTU BIO;704;CHOU-POINTU BIO
705;CHOU-POINTU BIO G.F.;705;CHOU-POINTU BIO
706;CHOU-POINTU G.F.;706;CHOU-POINTU
707;CHOU-RAVE;707;CHOU-RAVE
708;CHOU-RAVE BIO;708;CHOU-RAVE BIO
709;CHOU-RAVE BIO G.F.;709;CHOU-RAVE BIO
710;CHOU-RAVE G.F.;710;CHOU-RAVE
711;CHOU-ROMANESCO;711;CHOU-ROMANESCO
712;CHOU-ROMANESCO BIO;712;CHOU-ROMANESCO BIO
713;CHOU-ROMANESCO BIO G.F.;713;CHOU-ROMANESCO BIO
714;CHOU-ROMANESCO G.F.;714;CHOU-ROMANESCO
715;CHOU-ROUGE;715;CHOU-ROUGE
716;CHOU-ROUGE BIO;716;CHOU-ROUGE BIO
717;CHOU-ROUGE BIO G.F.;717;CHOU-ROUGE BIO
718;CHOU-ROUGE G.F.;718;CHOU-ROUGE
719;CIBOULE;719;CIBOULE
720;CIBOULE APACHE;720;CIBOULE
721;CIBOULE BIO;721;CIBOULE BIO
722;CIBOULE BIO G.F.;722;CIBOULE BIO
723;CIBOULE G.F.;723;CIBOULE
724;CIBOULETTE;724;CIBOULETTE
725;CIBOULETTE BIO;725;CIBOULETTE BIO
726;CIBOULETTE BIO G.F.;726;CIBOULETTE BIO
727;CIBOULETTE COMMUNE BIO;727;CIBOULETTE BIO
728;CIBOULETTE G.F.;728;CIBOULETTE
729;CICIU;729;TOMATE
730;CILENTUS;730;ARTICHAUT
731;CIMA DI RAPA;731;CHOU
732;CITEDOR;732;TOMATE
733;CITRON;733;BASILIC
734;CITRON BIO BASILIC;734;BASILIC BIO
735;CLAFORSA;735;CHOU-FLEUR
736;CLANIO;736;TOMATE
737;CLAPTON;737;CHOU-FLEUR
738;CLARA;738;AUBERGINE
739;CLARA BIO;739;AUBERGINE BIO
740;CLARISSA;740;CHOU-FRISE
741;CLARISSA BIO;741;CHOU-FRISE BIO
742;CLASSIC;742;AUBERGINE
743;CLAUDIUS;743;ROMAINE
744;CLEAN LEAF;744;AUBERGINE
745;CLEMEN;745;CHOU-FLEUR
746;CLEMENTINE;746;TOMATE
747;CLEMENTINE CHX;747;CHOU-FLEUR ORANGE
748;CLEOR;748;PIMENT
749;CLEOZIL;749;CHOU-FLEUR
750;CLERAC;750;BATAVIA BLONDE
751;CLIMBERLEY;751;TOMATE
752;CLIMBERLEY BIO;752;TOMATE BIO
753;CLIMUNDO;753;TOMATE
754;CLODANO;754;TOMATE
755;CLODANO BIO;755;TOMATE BIO
756;CLOVIS;756;CHOU-FLEUR
757;COBAL;757;CONCOMBRE
758;COBALT;758;PORTE GREFFE
759;COBALT BIO;759;PORTE GREFFE BIO
760;COBRA;760;TOMATE
761;COBRA BIO;761;TOMATE BIO
762;COCO BLANC;762;HARICOT
763;COCO BLANC NAIN BIO;763;HARICOT BIO
764;COCO ROUGE;764;HARICOT
765;COCO SOPHIE;765;HARICOT
766;COCO SOPHIE BIO;766;HARICOT BIO
767;COEUR DE BOEUF;767;TOMATE
768;COEUR DE BOEUF BIO;768;TOMATE BIO
769;COLAI;769;CHENE ROUGE
770;COLDIE ROUGE;770;PHYSALIS
771;COLIBRI;771;TOMATE
772;COLINKY;772;POTIMARRON
773;COLINKY BIO;773;COURGE BIO
774;COLOSEO;774;CHOU-ROMANESCO
775;COLOSSEO BIO;775;CHOU-ROMANESCO BIO
776;COLUMBIA;776;CONCOMBRE
777;COMANECI;777;FRISEE
778;COMBA;778;OIGNON
779;COMETA;779;OIGNON
780;COMMUN A COUPER (FENOUIL);780;FENOUIL
781;COMMUN VERT (FENOUIL);781;FENOUIL
782;COMPACTO;782;BASILIC
783;CONCOMBRE;783;CONCOMBRE
784;CONCOMBRE BIO;784;CONCOMBRE BIO
785;CONCOMBRE BIO G.F.;785;CONCOMBRE BIO
786;CONCOMBRE G.F.;786;CONCOMBRE
787;CONCRETION;787;BATAVIA BLONDE
788;CONCRETION BIO;788;BATAVIA BLONDE BIO
789;CONFIANCE;789;SCAROLE
790;CONGA BIO;790;CELERI BRANCHE BIO
791;CONGAMA;791;CHOU-LISSE
792;CONGUITA;792;PASTEQUE
793;CONGUITA BIO;793;PASTEQUE BIO
794;CONSERVOR;794;ECHALOTE
795;CONSERVOR BIO;795;ECHALOTE BIO
796;CONSTANZA;796;POTIMARRON
797;CONTACT;797;TOMATE
798;CONTRAI;798;CHENE ROUGE
799;CONTRAI BIO;799;CHENE ROUGE BIO
800;COOKIE;800;TOMATE
801;COOKIE BIO;801;TOMATE BIO
802;COQUERET DU PEROU;802;PHYSALIS
803;CORA;803;COURGETTE
804;CORADI;804;CHOU-FRISE
805;CORAZON;805;TOMATE
806;CORAZON BIO;806;TOMATE BIO
807;CORCOVADO;807;BATAVIA ROUGE
808;CORDAI;808;CHENE ROUGE
809;CORDELIS;809;TOMATE
810;CORDESA;810;CHOU-FRISE
811;CORDOBA;811;CHOU-FRISE
812;CORDOUAN;812;CONCOMBRE
813;CORELLI;813;CHICOREE
814;CORIANDRE BIO;814;CORIANDRE BIO
815;CORIANDRE BIO G.F.;815;CORIANDRE BIO
816;CORIANDRE G.F.;816;CORIANDRE
817;CORIANDRE NB;817;CORIANDRE
818;CORIANE;818;TOMATE
819;CORINTO;819;CONCOMBRE
820;CORIZIA;820;TOMATE
821;CORIZIA BIO;821;TOMATE BIO
822;CORNABEL;822;TOMATE
823;CORNABEL BIO;823;TOMATE BIO
824;CORNET D ANJOU;824;SCAROLE
825;CORNICHON;825;CORNICHON
826;CORNICHON BIO;826;CORNICHON BIO
827;CORNICHON BIO G.F.;827;CORNICHON BIO
828;CORNICHON G.F.;828;CORNICHON
829;CORNO DI TORO JAUNE;829;POIVRON
830;CORNO DI TORO ROSSO;830;POIVRON
831;CORNO DI TORO ROSSO BIO;831;POIVRON BIO
832;CORNUE DES ANDES;832;TOMATE
833;CORSARO;833;CHOU-FLEUR
834;CORSICA;834;TOMATE
835;CORTIZONE;835;BATAVIA BLONDE
836;COTILLAR;836;LAITUE
837;COTILLAR BIO;837;LAITUE BIO
838;COUNT;838;CHOU-LISSE
839;COUNT BIO;839;CHOU-LISSE BIO
840;COUNTER;840;CHOU-LISSE
841;COURGE;841;COURGE
842;COURGE BIO;842;COURGE BIO
843;COURGE BIO G.F.;843;COURGE BIO
844;COURGE G.F.;844;COURGE
845;COURGETTE;845;COURGETTE
846;COURGETTE BIO;846;COURGETTE BIO
847;COURGETTE BIO G.F.;847;COURGETTE BIO
848;COURGETTE G.F.;848;COURGETTE
849;COUSTEAU;849;MULTIFEUILLE BLONDE
850;CRAQUANTE;850;LAITUE
851;CRAQUANTE;851;CRAQUANTE (archivé)
852;CRAQUANTE BIO;852;LAITUE BIO
853;CRAQUANTE G.F.;853;CRAQUANTE (archivé)
854;CREPINE;854;CHENE ROUGE
855;CRESSONETTE BIO;855;LAITUE BIO
856;CRIPTONIO;856;POIVRON
857;CRIPTONIO BIO;857;POIVRON BIO
858;CRISALIS;858;BATAVIA BLONDE
859;CRISALIS BIO;859;BATAVIA BLONDE BIO
860;CRISTAL;860;AUBERGINE
861;CRISTOF;861;CHOU-FLEUR
862;CROCKETT;862;HARICOT
863;CROKDELIS ;863;CONCOMBRE
864;CROKDELIS BIO;864;CONCOMBRE BIO
865;CROKINI;865;TOMATE
866;CRONOS;866;COURGETTE
867;CRONOS BIO;867;COURGETTE BIO
868;CRYPTUS;868;CHOU-BRUXELLES
869;CUMBIA;869;CELERI BRANCHE
870;CUMBIA BIO;870;CELERI BRANCHE BIO
871;CUOR DI  BUE;871;TOMATE
872;CUOR DI BUE BIO;872;TOMATE BIO
873;CUPIDISSIMO;873;TOMATE
874;CUPIDISSIMO BIO;874;TOMATE BIO
875;CURLING BIO;875;POIREAU BIO
876;CUSTODIAN;876;PORTE GREFFE
877;CUSTODIAN BIO;877;PORTE GREFFE BIO
878;CYANUS BIO;878;BLEUET BIO
879;CYCLADE;879;TOMATE
880;CYCLADE BIO;880;TOMATE BIO
881;CYCLONE;881;CHOU-LISSE
882;CYCLONE BIO;882;CHOU-LISSE BIO
883;CYRANO;883;MELON
884;CYRIAC;884;COURGETTE
885;CYRIAC BIO;885;COURGETTE BIO
886;CYRUS;886;CHOU-BRUXELLES
887;DAENERIS;887;LAITUE
888;DAGAN;888;CHOU-BRUXELLES
889;DAGAN BIO;889;CHOU-BRUXELLES BIO
890;DAKARAI;890;CHENE ROUGE
891;DAKARAI BIO;891;CHENE ROUGE BIO
892;DALIA;892;AUBERGINE
893;DALILA;893;OIGNON
894;DALTARY;894;TOMATE
895;DAMAST;895;OIGNON
896;DANDEN;896;CHOU-FLEUR
897;DARIFEN;897;CHOU-FLEUR
898;DARITTE;898;CHOU-ROMANESCO
899;DARKLET BIO PG/NPG;899;CELERI BRANCHE BIO
900;DARKLET PG/NPG;900;CELERI BRANCHE
901;DARKMOON;901;TOMATE
902;DARK VADER;902;CHOU-FLEUR VIOLET
903;DARTER;903;POIREAU
904;DASK;904;TOMATE CONSERVE
905;DASK BIO;905;TOMATE CONSERVE BIO
906;DATTORANGE;906;TOMATE
907;DAVARO;907;CHOU-ROUGE
908;DAYBREAK PG/NPG;908;CELERI BRANCHE
909;DAYDREAM;909;CHOU-FLEUR
910;DAYTONA;910;PASTEQUE
911;DCC108;911;TOMATE
912;DEADON;912;CHOU-CABUS
913;DE BARLETTA BIO;913;OIGNON BIO
914;DE BELLEVILLE;914;OSEILLE
915;DE CAYENNE;915;PIMENT
916;DE CAYENNE BIO;916;PIMENT BIO
917;DE CHATEAURENARD BIO;917;CHOU-POINTU BIO
918;DE CHINE;918;CIBOULETTE
919;DECHIOGGIA BIO;919;BETTERAVE BIO
920;DECLIC;920;NAVET
921;DEFENDER;921;TOMATE CONSERVE
922;DEFIANT;922;TOMATE
923;DELHIRIUM;923;COURGETTE
924;DELHIRIUM BIO;924;COURGETTE BIO
925;DELIBEL;925;MELON
926;DELICASSI;926;TOMATE
927;DELICASSI BIO;927;TOMATE BIO
928;DELICE DU JARDINIER BIO;928;TOMATE BIO
929;DELICES DU JARDINIER;929;TOMATE
930;DELIKATA;930;POIS
931;DELINICE;931;CHENE BLONDE
932;DELINICE BIO;932;CHENE BLONDE BIO
933;DELISUN;933;TOMATE
934;DELISUN BIO;934;TOMATE BIO
935;DELIZIA;935;TOMATE
936;DELON;936;CHOU-FLEUR
937;DELPHINIUM;937;DIVERS
938;DELPHINIUM CHINENSIS;938;FLEUR
939;DELPHINIUM ELATUM;939;FLEUR
940;DELUX;940;POIVRON
941;DEMIE;941;PASTEQUE
942;DEMRE;942;PASTEQUE
943;DENISE;943;PASTEQUE
944;DEPURPLE;944;CHOU-FLEUR
945;DERBI;945;SUCRINE
946;DE REBOUILLON BIO;946;OIGNON BIO
947;DE THAILANDE OISEAUX;947;PIMENT
948;DEUTERON;948;BATAVIA BLONDE
949;DE VERRIERE BIO;949;LAITUE BIO
950;DEVOTION BIO;950;TOMATE BIO
951;DEXTER;951;CHOU-FLEUR
952;DIABOLIK;952;TOMATE
953;DIABOLIK BIO;953;TOMATE BIO
954;DIAMANDIA;954;TOMATE
955;DIAMANDIA BIO;955;TOMATE BIO
956;DIAMANT;956;COURGETTE
957;DIAMANT BIO;957;COURGETTE BIO
958;DIAMANTINAS;958;ICEBERG
959;DIAPASON;959;CONCOMBRE
960;DIAPASON BIO;960;CONCOMBRE BIO
961;DIBANGO ;961;MELON
962;DIBANGO BIO;962;MELON BIO
963;DI LUISA;963;CHICOREE
964;DINERO;964;PORTE GREFFE
965;DIONIS;965;CHOU-FLEUR
966;DIVERS;966;DIVERS
967;DIVERS BIO;967;DIVERS BIO
968;DIVERS BIO G.F.;968;DIVERS BIO
969;DIVERS G.F.;969;DIVERS
970;DIVINASTAR;970;OIGNON
971;DIVINO BIO;971;CHOU-BRUXELLES BIO
972;DIWAN;972;CHOU-FLEUR
973;DIWAN BIO;973;CHOU-FLEUR BIO
974;DJAZZEO BIO;974;MELON BIO
975;DJIBOUTI;975;LAITUE
976;DOCET;976;TOMATE CONSERVE
977;DOLCECUORE;977;TOMATE
978;DOLLY;978;TOMATE
979;DOLSURA;979;MELON
980;DON QUIXOTE;980;MELON
981;DOREE DE PRINTEMPS BIO;981;BATAVIA BLONDE BIO
982;DORIC;982;CHOU-BRUXELLES
983;DORIC BIO;983;CHOU-BRUXELLES BIO
984;DORIN;984;PASTEQUE
985;DORIN BIO;985;PASTEQUE BIO
986;DORLEAC;986;CHOU-FLEUR ORANGE
987;DOSSIMO;987;TOMATE
988;DOSSIMO BIO;988;TOMATE BIO
989;DOURGA;989;AUBERGINE
990;DOUX DES LANDES;990;PIMENT
991;DOUX DES LANDES BIO;991;POIVRON BIO
992;DOUX D'ESPAGNE;992;POIVRON
993;DR0607TC;993;TOMATE
994;DR7024TS;994;TOMATE
995;DRAGEN;995;CHOU-FLEUR
996;DRAGO;996;CHOU-LISSE
997;DRAGO BIO;997;CHOU-LISSE BIO
998;DRAGON;998;FENOUIL
999;DRAGON BIO;999;FENOUIL BIO
1000;DRAKAR;1000;CHOU-FLEUR
1001;DRO 141;1001;PORTE GREFFE
1002;DUBROCA;1002;CHOU-FLEUR
1003;DUCRAL;1003;MELON
1004;DUCRAL BIO;1004;MELON BIO
1005;DUELLE;1005;TOMATE
1006;DUFFY BIO;1006;AVOINE BIO
1007;DUKIZ PG/NPG;1007;CELERI RAVE
1008;DULCINERA;1008;POTIMARRON
1009;DULZOR;1009;PASTEQUE
1010;DUMARA;1010;PASTEQUE
1011;DUNNE;1011;TOMATE
1012;DYNO;1012;TOMATE
1013;DYNO BIO;1013;TOMATE BIO
1014;E01A.31674;1014;BATAVIA BLONDE
1015;E01B.31550;1015;LAITUE
1016;E01C.31572;1016;CHENE ROUGE
1017;E01C.31599;1017;CHENE BLONDE
1018;E01C.31607;1018;CHENE ROUGE
1019;E01C.41463 BIO;1019;CHENE ROUGE BIO
1020;E01F.31561;1020;BATAVIA BLONDE
1021;E01L.31506;1021;CHENE ROUGE
1022;E15B.43530 BIO;1022;TOMATE BIO
1023;EAGLE;1023;CORIANDRE
1024;EAGLE BIO;1024;CORIANDRE BIO
1025;EASYTOP;1025;CHOU-FLEUR
1026;EAZYLEAF;1026;EAZYLEAF (archivé)
1027;EAZYLEAF G.F;1027;EAZYLEAF (archivé)
1028;EBENO;1028;TOMATE
1029;ECHALOTE;1029;ECHALOTE
1030;ECHALOTE BIO;1030;ECHALOTE BIO
1031;ECHALOTE BIO G.F.;1031;ECHALOTE BIO
1032;ECHALOTE G.F.;1032;ECHALOTE
1033;EDDY;1033;POIS
1034;EDUARDO BIO;1034;ICEBERG BIO
1035;EGLANTINE;1035;CHENE ROUGE
1036;EGLANTINE BIO;1036;CHENE ROUGE BIO
1037;EIFFEL;1037;LAITUE
1038;EIGHT BALL;1038;COURGETTE
1039;ELAND;1039;EPINARD
1040;ELECTRIC;1040;OIGNON
1041;ELEMENT;1041;OIGNON
1042;ELEMENTA;1042;PORTE GREFFE
1043;ELEMENTA BIO;1043;PORTE GREFFE BIO
1044;ELEONORA;1044;BASILIC
1045;ELEONORA BIO;1045;BASILIC BIO
1046;ELIANA;1046;BUTTERNUT
1047;ELIANCE;1047;SCAROLE
1048;ELIANCE BIO;1048;SCAROLE BIO
1049;ELICIO;1049;LAITUE
1050;EL MADISON;1050;EPINARD
1051;ELODY;1051;OIGNON
1052;ELOWEN;1052;CHENE BLONDE
1053;ELVIRA;1053;COURGETTE
1054;ELVIRADO;1054;TOMATE
1055;EL WAKA;1055;EPINARD
1056;EMBAJADOR;1056;PORTE GREFFE
1057;EMBAJADOR BIO;1057;PORTE GREFFE BIO
1058;EMERITE;1058;HARICOT
1059;EMERITE BIO;1059;HARICOT BIO
1060;EMIKO;1060;CHOU-CHINOIS
1061;EMIKO BIO;1061;CHOU-CHINOIS BIO
1062;EMPERADOR;1062;PORTE GREFFE
1063;EMPERADOR BIO;1063;PORTE GREFFE BIO
1064;ENCIERRO;1064;LAITUE
1065;ENCIERRO BIO;1065;LAITUE BIO
1066;ENDURO;1066;CHOU-CHINOIS
1067;EPIKUR;1067;CHOU-CABUS
1068;EPINARD;1068;EPINARD
1069;EPINARD BIO;1069;EPINARD BIO
1070;EPINARD BIO G.F.;1070;EPINARD BIO
1071;EPINARD G.F.;1071;EPINARD
1072;EPPO;1072;POIVRON
1073;EPPO BIO;1073;POIVRON BIO
1074;EPSILONE;1074;BATAVIA BLONDE
1075;ERIKA;1075;CHOU-RAVE
1076;ERISTAR;1076;OIGNON
1077;EROS;1077;COURGETTE
1078;ERWIN;1078;POIREAU
1079;ESCALE;1079;ROUGETTE
1080;ESCALE BIO;1080;ROUGETTE BIO
1081;ESSAI AGRI-SEMENCES SALADE;1081;SALADE
1082;ESSAI  ANNE;1082;SALADE
1083;ESSAI AQUIPLANTS;1083;SALADE
1084;ESSAI ARTICHAUT;1084;ARTICHAUT
1085;ESSAI BEJO SALADE;1085;SALADE
1086;ESSAI CLAUSE SALADE ;1086;SALADE
1087;ESSAI ENZA SALADE;1087;SALADE
1088;ESSAI GAUTIER CHOU;1088;CHOU
1089;ESSAI GAUTIER SALADE;1089;SALADE
1090;ESSAI NUNHEMS SALADE;1090;SALADE
1091;ESSAI RIJK ZWAAN SALADE;1091;SALADE
1092;ESSAI SALADE BIO;1092;SALADE BIO
1093;ESSAIS CHICOREE;1093;CHICOREE
1094;ESSAI SEMINIS SALADE;1094;SALADE
1095;ESSAIS LAITUE;1095;LAITUE
1096;ESSAI SYNGENTA SALADE;1096;SALADE
1097;ESSAI VILMORIN SALADE;1097;SALADE
1098;ESTIK;1098;CORIANDRE
1099;ESTIK BIO;1099;CORIANDRE BIO
1100;ESTILO;1100;POIVRON
1101;ESTIVA;1101;TOMATE
1102;ESTIVA BIO;1102;TOMATE BIO
1103;ESTRAGON;1103;ESTRAGON
1104;ESTRAGON BIO G.F.;1104;ESTRAGON BIO
1105;ESTRAGON COMMUN BIO;1105;ESTRAGON BIO
1106;ESTRAGON G.F.;1106;ESTRAGON
1107;ESTRELADE BIO;1107;TOMATE BIO
1108;ESTRELLA;1108;COURGE
1109;ESTRELLA BIO;1109;COURGE BIO
1110;ESTRELLADE;1110;TOMATE
1111;ETAPPE;1111;OIGNON
1112;ETAPPE BIO;1112;OIGNON BIO
1113;ETERNITY;1113;POIVRON
1114;ETERNITY BIO;1114;POIVRON BIO
1115;ETINCEL;1115;LAITUE
1116;ETINCEL BIO;1116;LAITUE BIO
1117;EULER;1117;MULTIFEUILLE BLONDE
1118;EUSTOMA;1118;FLEUR
1119;EX04847330;1119;COURGETTE
1120;EXABREEZE;1120;MULTIFEUILLE BLONDE
1121;EXACT;1121;MULTIFEUILLE BLONDE
1122;EXBUL;1122;MULTIFEUILLE BLONDE
1123;EXCURSUS;1123;MULTIFEUILLE BLONDE
1124;EXENTURE;1124;MULTIFEUILLE BLONDE
1125;EXIRA;1125;MULTIFEUILLE BLONDE
1126;EXMOSS;1126;MULTIFEUILLE BLONDE
1127;EXPECT;1127;CHOU-LISSE
1128;EXPECT BIO;1128;CHOU-LISSE BIO
1129;EXPERTISE;1129;MULTIFEUILLE BLONDE
1130;EZBOURNE;1130;MULTIFEUILLE ROUGE
1131;EZFLOR;1131;MULTIFEUILLE ROUGE
1132;EZTREME;1132;MULTIFEUILLE BLONDE
1133;FABIOLA;1133;PASTEQUE
1134;FAIRWAY;1134;CHOU-FLEUR
1135;FAMOSA;1135;CHOU-FRISE
1136;FAMOSA BIO;1136;CHOU-FRISE BIO
1137;FANCY;1137;FRISEE
1138;FANDANGO;1138;TOMATE
1139;FANTASIO;1139;TOMATE
1140;FANTASSIN;1140;POIREAU
1141;FARAO BIO CHOU;1141;CHOU-CABUS BIO
1142;FARAO CHOU;1142;CHOU-CABUS
1143;FARAO PASTEQUE;1143;PASTEQUE
1144;FASANO;1144;CHOU-FLEUR
1145;FASHION;1145;PASTEQUE
1146;FATALE;1146;ROUGETTE
1147;FELICIA;1147;TOMATE
1148;FELICIE;1148;LAITUE ROUGE
1149;FEMSPOT;1149;CONCOMBRE
1150;FENDA;1150;TOMATE
1151;FENOUIL;1151;FENOUIL
1152;FENOUIL BIO;1152;FENOUIL BIO
1153;FENOUIL BIO G.F.;1153;FENOUIL BIO
1154;FENOUIL COMMUN;1154;FENOUIL
1155;FENOUIL G.F.;1155;FENOUIL
1156;FENWAY 0771 SO BIO;1156;DIVERS BIO
1157;FENWAY BIO;1157;PASTEQUE BIO
1158;FEREGA;1158;BATAVIA BLONDE
1159;FEREGA BIO;1159;BATAVIA BLONDE BIO
1160;FESTIVAL;1160;MACHE
1161;FETAR;1161;LAITUE
1162;FEUILLE DE CHENE;1162;FEUILLE DE CHENE (archivé)
1163;FEUILLE DE CHENE G.F.;1163;FEUILLE DE CHENE (archivé)
1164;FEVE G.F.;1164;FEVE
1165;FEVES;1165;FEVE
1166;FICTOR;1166;COURGE
1167;FICTOR;1167;POTIMARRON
1168;FIERO;1168;CHICOREE
1169;FINALE;1169;FENOUIL
1170;FINIK;1170;BASILIC
1171;FIN VERT;1171;BASILIC
1172;FIORENTINO;1172;TOMATE
1173;FIORETTO;1173;CHOU-FLEUR
1174;FIRECUT;1174;MULTIFEUILLE ROUGE
1175;FIREKING;1175;OIGNON
1176;FIREKING BIO;1176;OIGNON BIO
1177;FIRENSA;1177;CHOU-FRISE
1178;FISSA;1178;OIGNON
1179;FLAMANSUN;1179;TOMATE
1180;FLAMANSUN BIO;1180;TOMATE BIO
1181;FLAMBO;1181;HARICOT
1182;FLAMBO BIO;1182;HARICOT BIO
1183;FLAMENCO;1183;CHOU-FLEUR
1184;FLAMENCO BIO;1184;CHOU-FLEUR BIO
1185;FLAME STAR;1185;CHOU-FLEUR ORANGE
1186;FLAMINIO;1186;COURGETTE
1187;FLAVINE;1187;AUBERGINE
1188;FLAVINE BIO;1188;AUBERGINE BIO
1189;FLEET;1189;CHOU-FLEUR
1190;FLEMING;1190;CHOU-FLEUR
1191;FLETCHER;1191;CHOU-FLEUR
1192;FLETCHER BIO;1192;CHOU-FLEUR BIO
1193;FLEUR;1193;FLEUR
1194;FLEUR BIO;1194;FLEUR BIO
1195;FLEUR BIO G.F.;1195;FLEUR BIO
1196;FLEURETTE;1196;TOMATE
1197;FLEUR G.F.;1197;FLEUR
1198;FLEXI KURI;1198;POTIMARRON
1199;FLEXI KURI BIO;1199;POTIMARRON BIO
1200;FLEXTON;1200;CHOU-CHOUCROUTE
1201;FLORANICE;1201;CHENE BLONDE
1202;FLORANICE BIO;1202;CHENE BLONDE BIO
1203;FLORENTINA;1203;CHOU-ROMANESCO
1204;FLORENTINA BIO;1204;CHOU-ROMANESCO BIO
1205;FLORIAN;1205;POIVRON
1206;FLORIDOR;1206;COURGETTE
1207;FLORIGO;1207;MULTIFEUILLE BLONDE
1208;FLUO;1208;RADIS RAVE
1209;FLYNN;1209;POIVRON
1210;FLYNN BIO;1210;POIVRON BIO
1211;FOCACHIA;1211;LAITUE
1212;FOLDER;1212;CHOU-FLEUR
1213;FONDA;1213;CHOU-RAVE
1214;FORTAL;1214;MELON
1215;FORTAMINO;1215;PORTE GREFFE
1216;FORTAMINO BIO;1216;PORTE GREFFE BIO
1217;FORTIGA;1217;BATAVIA BLONDE
1218;FORTILARGERO ;1218;BASILIC
1219;FORTILARGERO BIO;1219;BASILIC BIO
1220;FORTITUDE;1220;TOMATE
1221;FOUNDERA;1221;LAITUE
1222;FOURNAISE;1222;TOMATE
1223;FOXMA;1223;CHOU-LISSE
1224;FOXMA BIO;1224;CHOU-LISSE BIO
1225;FRA190126;1225;CONCOMBRE
1226;FREEDOM;1226;CHOU-FLEUR
1227;FREEDOM BIO;1227;CHOU-FLEUR BIO
1228;FREELOU;1228;CHENE BLONDE
1229;FRIPONE;1229;BATAVIA BLONDE
1230;FRIPONE BIO;1230;BATAVIA BLONDE BIO
1231;FRISADO BIO;1231;PERSIL FRISE BIO
1232;FRISEE;1232;FRISEE
1233;FRISEE BIO;1233;FRISEE BIO
1234;FRISEE BIO G.F.;1234;FRISEE BIO
1235;FRISEE G.F.;1235;FRISEE
1236;FRISEE NB;1236;FRISEE
1237;FRISE VERT FONCE;1237;PERSIL FRISE
1238;FRISE VERT FONCE BIO;1238;PERSIL FRISE BIO
1239;FRIVOLE RED;1239;CHOU-BRUXELLES
1240;FRONTIER;1240;TOMATE CONSERVE
1241;FRUIDOR;1241;HARICOT
1242;FUEGO PIMENT;1242;PIMENT
1243;FUNTASTIC;1243;MELON
1244;FURIO;1244;OIGNON
1245;FUTURIMA;1245;CHOU-ROUGE
1246;FUTURIMA BIO;1246;CHOU-ROUGE BIO
1247;GABINO;1247;LAITUE
1248;GABY;1248;MELON
1249;GAELIC;1249;POIREAU
1250;GAELIC BIO;1250;POIREAU BIO
1251;GALA;1251;MACHE
1252;GALA BIO;1252;MACHE BIO
1253;GALADIANT;1253;TOMATE
1254;GALADIANT BIO;1254;TOMATE BIO
1255;GALAXEEN;1255;TOMATE
1256;GALIA BIO;1256;MELON BIO
1257;GALIA F1;1257;MELON
1258;GALILEE;1258;COURGETTE
1259;GALILEE BIO;1259;COURGETTE BIO
1260;GALILEO;1260;POIVRON
1261;GALINE;1261;AUBERGINE
1262;GALIOTE;1262;CHOU-FLEUR
1263;GALIOTE BIO;1263;CHOU-FLEUR BIO
1264;GALWEN;1264;CHENE ROUGE
1265;GALWEN BIO;1265;CHENE ROUGE BIO
1266;GAMBETTA;1266;LAITUE
1267;GANDALF;1267;MELON
1268;GARADAN;1268;CONCOMBRE
1269;GARADAN BIO;1269;CONCOMBRE BIO
1270;GARANCE;1270;TOMATE
1271;GARDENBERRY;1271;TOMATE
1272;GARDENERS DELIGHT BIO;1272;TOMATE BIO
1273;GARNET GOLD;1273;COURGE
1274;GASCONA;1274;AUBERGINE
1275;GATSBI;1275;SUCRINE
1276;GATSBI BIO;1276;SUCRINE BIO
1277;GAUDENTI;1277;LAITUE
1278;GEANT D'ITALIE;1278;PERSIL PLAT
1279;GEANT D'ITALIE BIO;1279;PERSIL PLAT BIO
1280;GECKO;1280;MELON
1281;GECKO BIO;1281;MELON BIO
1282;GENDRY;1282;LAITUE
1283;GENESI;1283;FENOUIL
1284;GENESI BIO;1284;FENOUIL BIO
1285;GENIALE;1285;BASILIC
1286;GENOVESE (BASILIC);1286;BASILIC
1287;GENTILE;1287;BASILIC
1288;GEODE;1288;COURGETTE
1289;GEODE BIO;1289;COURGETTE BIO
1290;GERALDINE;1290;LOLLO ROUGE
1291;GIANNOLE;1291;BATAVIA BLONDE
1292;GIANNOLE BIO;1292;BATAVIA BLONDE BIO
1293;GIANO;1293;TOMATE
1294;GIBBARD;1294;MULTIFEUILLE BLONDE
1295;GIBBARD BIO;1295;MULTIFEUILLE BLONDE BIO
1296;GILMORE;1296;LAITUE ROUGE
1297;GILMORE BIO;1297;LAITUE ROUGE BIO
1298;GINFIZ;1298;TOMATE
1299;GIOLETA;1299;AUBERGINE
1300;GIOLETA BIO;1300;AUBERGINE BIO
1301;GIOLICE;1301;TOMATE
1302;GIOLICE BIO;1302;TOMATE BIO
1303;GITANO;1303;CHOU-ROMANESCO
1304;GITANO BIO;1304;CHOU-ROMANESCO BIO
1305;GLADIADOR;1305;CHOU-BROCOLI
1306;GLADIATRIS;1306;LAITUE
1307;GLADSTONE;1307;OIGNON
1308;GLATTER SILBER 3 BIO;1308;BLETTE BIO
1309;GLOBUS;1309;CHOU-RAVE
1310;GLOIRE DU DAUPHINE;1310;BATAVIA ROUGE
1311;GLORIA;1311;COURGETTE
1312;GLORIA BIO;1312;COURGETTE BIO
1313;GLORIA BIO;1313;COURGETTE NON TRAITEE
1314;GLORIETTE;1314;TOMATE
1315;GLORIETTE BIO;1315;TOMATE BIO
1316;GLORINICE;1316;CHENE BLONDE
1317;GLORINICE BIO;1317;CHENE BLONDE BIO
1318;GLORIOSO;1318;OIGNON
1319;GODIVA;1319;MELON
1320;GODIVA BIO;1320;MELON BIO
1321;GODRIC;1321;BATAVIA BLONDE
1322;GODZILLA;1322;BATAVIA BLONDE
1323;GODZILLA BIO;1323;BATAVIA BLONDE BIO
1324;GOLDEN BIO;1324;BETTERAVE BIO
1325;GOLDEN EYE ;1325;BETTERAVE
1326;GOLDEN GATE BIO;1326;HARICOT BIO
1327;GOLDEN GLORY;1327;COURGETTE
1328;GOLDEN SPARTAN PG/NPG;1328;CELERI BRANCHE
1329;GOLDENSTAR;1329;POIVRON
1330;GOLDI BIO;1330;COURGETTE BIO
1331;GOLD NUGGET;1331;TOMATE
1332;GOLDORAC;1332;BATAVIA BLONDE
1333;GOLEM;1333;BATAVIA BLONDE
1334;GOLOR;1334;TOMATE
1335;GOLOTYNA;1335;TOMATE
1336;GONGGA;1336;CHOU-BROCOLI
1337;GONTO;1337;POIVRON
1338;GONTO BIO;1338;POIVRON BIO
1339;GONZAGA;1339;BATAVIA BLONDE
1340;GOPACA;1340;BATAVIA BLONDE
1341;GORDIAN PG/NPG;1341;CELERI BRANCHE
1342;GORDINI;1342;BATAVIA BLONDE
1343;GORRIA;1343;PIMENT
1344;GORRIA BIO;1344;PIMENT BIO
1345;GOSPEL;1345;MELON
1346;GOSSIP;1346;MELON
1347;GOTHAM;1347;BATAVIA BLONDE
1348;GOURMANDIA;1348;TOMATE
1349;GOURMANDIA BIO;1349;TOMATE BIO
1350;GOURMANSUN;1350;TOMATE
1351;GOURMANSUN BIO;1351;TOMATE BIO
1352;GOURMET;1352;POIVRON
1353;GOWRIE;1353;CHOU
1354;GRACIOSA;1354;POIVRON
1355;GRAFFITI CHX;1355;CHOU-FLEUR VIOLET
1356;GRAFFITI CHX BIO;1356;CHOU-FLEUR VIOLET BIO
1357;GRANDIMAT;1357;TOMATE
1358;GRANDIMAT BIO;1358;TOMATE BIO
1359;GRAND VERT;1359;BASILIC
1360;GRAND VERT BIO;1360;BASILIC BIO
1361;GRAND VERT RUSTIK BIO;1361;BASILIC BIO
1362;GRANOLA;1362;BATAVIA BLONDE
1363;GRAPPELINA;1363;TOMATE
1364;GRAVITY;1364;COURGETTE
1365;GRAVITY BIO;1365;COURGETTE BIO
1366;GRAZIELLA;1366;COURGETTE
1367;GREC BIO BASILIC;1367;BASILIC BIO
1368;GREC BIO ORIGAN;1368;ORIGAN BIO
1369;GREC ORIGAN;1369;ORIGAN
1370;GREEN BELT;1370;CHOU-BROCOLI
1371;GREEN BELT BIO;1371;CHOU-BROCOLI BIO
1372;GREEN GARDEN;1372;CHOU-BROCOLI
1373;GREEN GLORY;1373;HARICOT
1374;GREEN GLORY BIO;1374;HARICOT BIO
1375;GREEN QUEEN;1375;ARTICHAUT
1376;GREEN QUEEN BIO;1376;ARTICHAUT BIO
1377;GREEN RICH;1377;CHOU-CABUS
1378;GREEN TIGER;1378;COURGETTE
1379;GREEN ZEBRA;1379;TOMATE
1380;GREEN ZEBRA BIO;1380;TOMATE BIO
1381;GREFFES;1381;CONCOMBRE
1382;GREYZINI;1382;COURGETTE
1383;GRIFFONE;1383;BATAVIA BLONDE
1384;GRIFONE BIO;1384;TOMATE BIO
1385;GRILLON;1385;HARICOT
1386;GRISETTE DE PROVENCE;1386;COURGETTE
1387;GROSSE GRAINE;1387;MACHE
1388;GROWDENA;1388;TOMATE
1389;GRUNE PERLE;1389;PERSIL FRISE
1390;GRUNE PERLE BIO;1390;PERSIL FRISE BIO
1391;GUARD;1391;CHOU-LISSE
1392;GUENOLA;1392;BATAVIA BLONDE
1393;GUIDELINE;1393;CHOU-FLEUR
1394;GUIMAUVE;1394;AROMATIQUE
1395;GUNMA;1395;CHOU-CABUS
1396;GUSTABEL;1396;MELON
1397;GUSTABEL BIO;1397;MELON BIO
1398;GUSTA MINI YELLOW;1398;TOMATE
1399;GUSTELLA BIO;1399;TOMATE BIO
1400;GWENDOLINE;1400;CHENE ROUGE
1401;GWENDOLINE BIO;1401;CHENE ROUGE BIO
1402;GYLONA;1402;BATAVIA BLONDE
1403;GYNIAL;1403;CONCOMBRE
1404;GYNIAL BIO;1404;CONCOMBRE BIO
1405;GYPSY;1405;POIVRON
1406;H1015;1406;TOMATE CONSERVE
1407;H1015 BIO;1407;TOMATE CONSERVE BIO
1408;H1281;1408;TOMATE CONSERVE
1409;H1281 BIO;1409;TOMATE CONSERVE BIO
1410;H1293;1410;TOMATE CONSERVE
1411;H1301;1411;TOMATE CONSERVE
1412;H1301 BIO;1412;TOMATE CONSERVE BIO
1413;H1307;1413;TOMATE CONSERVE
1414;H1311;1414;TOMATE CONSERVE
1415;H1418 BIO;1415;TOMATE CONSERVE BIO
1416;H1421 BIO;1416;TOMATE CONSERVE BIO
1417;H1510 BIO;1417;TOMATE CONSERVE BIO
1418;H1534;1418;TOMATE CONSERVE
1419;H1534 BIO;1419;TOMATE CONSERVE BIO
1420;H1538;1420;TOMATE CONSERVE
1421;H1538 BIO;1421;TOMATE CONSERVE BIO
1422;H1648;1422;TOMATE CONSERVE
1423;H1651;1423;TOMATE CONSERVE
1424;H1651 BIO;1424;TOMATE CONSERVE BIO
1425;H1766;1425;TOMATE CONSERVE
1426;H1766 BIO;1426;TOMATE CONSERVE BIO
1427;H2009;1427;TOMATE CONSERVE
1428;H2021;1428;TOMATE CONSERVE
1429;H2021 BIO;1429;TOMATE CONSERVE BIO
1430;H2127 BIO;1430;TOMATE CONSERVE BIO
1431;H2128 BIO;1431;TOMATE CONSERVE BIO
1432;H2206;1432;TOMATE CONSERVE
1433;H2239;1433;TOMATE CONSERVE
1434;H2239 BIO;1434;TOMATE CONSERVE BIO
1435;H2249;1435;TOMATE CONSERVE
1436;H2249 BIO;1436;TOMATE CONSERVE BIO
1437;H2306;1437;TOMATE CONSERVE
1438;H3402;1438;TOMATE CONSERVE
1439;H3406;1439;TOMATE CONSERVE
1440;H5108;1440;TOMATE CONSERVE
1441;H5108 BIO;1441;TOMATE CONSERVE BIO
1442;H5508;1442;TOMATE CONSERVE
1443;H8402;1443;TOMATE CONSERVE
1444;H9036;1444;TOMATE CONSERVE
1445;HABANERO YELLOW;1445;PIMENT
1446;HAFLEX;1446;MULTIFEUILLE ROUGE
1447;HALBHOHER BIO;1447;CHOU-KALE BIO
1448;HALE'S BEST JUMBO BIO;1448;MELON BIO
1449;HALLOWEN;1449;COURGE
1450;HAPPI;1450;BATAVIA BLONDE
1451;HARICOT;1451;HARICOT
1452;HARICOT BIO;1452;HARICOT BIO
1453;HARICOT BIO G.F.;1453;HARICOT BIO
1454;HARICOT G.F.;1454;HARICOT
1455;HARMONIE;1455;CORNICHON
1456;HARMONY;1456;TOMATE
1457;HARMONY BIO;1457;TOMATE BIO
1458;HASDRUBAL;1458;MELON
1459;HATIF BIO;1459;MELON BIO
1460;HATIF PARISIEN BIO;1460;CONCOMBRE BIO
1461;HAVANA;1461;BUTTERNUT
1462;HAVANA BIO;1462;BUTTERNUT BIO
1463;HAWKING;1463;MULTIFEUILLE BLONDE
1464;HAWKING BIO;1464;MULTIFEUILLE BLONDE BIO
1465;HECTOR;1465;TOMATE
1466;HECTOR BIO;1466;TOMATE BIO
1467;HEINZ;1467;TOMATE
1468;HELIOS;1468;BASILIC
1469;HERA;1469;ANETH
1470;HIPSTER;1470;CHOU-FLEUR VIOLET
1471;HIROMI;1471;PASTEQUE
1472;HIRTUM;1472;ORIGAN
1473;HIRTUM BIO;1473;ORIGAN BIO
1474;HISTRION;1474;BATAVIA BLONDE
1475;HISTRION BIO;1475;BATAVIA BLONDE BIO
1476;HMC 464851;1476;MELON
1477;HOKA;1477;TOMATE
1478;HOKUS BIO;1478;CORNICHON BIO
1479;HONEYCOMB;1479;TOMATE
1480;HONEY MOON;1480;TOMATE
1481;HONEY MOON BIO;1481;TOMATE BIO
1482;HONOLULU;1482;MELON
1483;HUGO;1483;MELON
1484;HUSSARDE;1484;CHENE ROUGE
1485;HUSSARDE BIO;1485;CHENE ROUGE BIO
1486;HYLANDER ;1486;OIGNON
1487;HYMAR;1487;TOMATE
1488;ICARUS BIO COURGETTE;1488;COURGETTE BIO
1489;ICARUS ROMAINE;1489;ROMAINE
1490;ICEBERG;1490;ICEBERG
1491;ICEBERG BIO G.F.;1491;ICEBERG BIO
1492;ICEBERG G.F.;1492;ICEBERG
1493;ICE CIRCLE II;1493;ICEBERG
1494;ICE COUNTRY;1494;ICEBERG
1495;IDEO;1495;MELON
1496;IDOLE;1496;BATAVIA BLONDE
1497;IGOR;1497;CHOU-BRUXELLES
1498;IMANIS;1498;BATAVIA BLONDE
1499;IMPALA;1499;PIMENT
1500;IMPALA BIO;1500;PIMENT BIO
1501;IMPALA BIO (CHOU);1501;CHOU-LISSE BIO
1502;IMPALA (CHOU);1502;CHOU-LISSE
1503;IMPERATOR;1503;CHOU-BROCOLI
1504;IMPERATOR BIO;1504;CHOU-BROCOLI BIO
1505;IMPERIAL BIO PG/NPG;1505;CELERI BRANCHE BIO
1506;IMPERIAL PG/NPG;1506;CELERI BRANCHE
1507;IMPERIAL STAR;1507;ARTICHAUT
1508;IMPRESSION BIO;1508;BATAVIA BLONDE BIO
1509;INDIAN MIX;1509;COURGE
1510;INDIGO;1510;CHICOREE
1511;INDIGO APPLE BIO;1511;TOMATE BIO
1512;INDIGO BLUE BEAUTY BIO;1512;TOMATE BIO
1513;INDIGO BLUE TONIC;1513;TOMATE
1514;INDIGO KUMQUAT;1514;TOMATE
1515;INDUS;1515;FENOUIL
1516;INDUS BIO;1516;FENOUIL BIO
1517;INFINITIX;1517;CHENE ROUGE
1518;INGRID;1518;PASTEQUE
1519;INGRID POIVRON;1519;POIVRON
1520;INNOVATOR;1520;ECHALOTE
1521;INSULA;1521;CONCOMBRE
1522;INSULA BIO;1522;CONCOMBRE BIO
1523;INTEGRO;1523;CHOU-ROUGE
1524;INTEGRO BIO;1524;CHOU-ROUGE BIO
1525;IOLLISCO;1525;MELON
1526;IOLLISCO BIO;1526;MELON BIO
1527;IRON CAP;1527;COURGE
1528;IRONMAN;1528;CHOU-BROCOLI
1529;ISABO;1529;OIGNON
1530;ISATIS;1530;MELON
1531;ISEL PG/NPG;1531;CELERI BRANCHE
1532;IVORINO;1532;TOMATE
1533;IVORINO BIO;1533;TOMATE BIO
1534;IVORY;1534;AUBERGINE
1535;IZNIK;1535;CONCOMBRE
1536;JACK BE LITTLE;1536;COURGE
1537;JACK O LANTERN;1537;COURGE
1538;JAFFA;1538;CHOU-FLEUR ORANGE
1539;JAFFA BIO;1539;CHOU-FLEUR ORANGE BIO
1540;JAIONE;1540;BATAVIA BLONDE
1541;JAMIE BIO;1541;BATAVIA BLONDE BIO
1542;JARA;1542;ROMAINE
1543;JARA BIO;1543;ROMAINE BIO
1544;JARRAHDALE;1544;COURGE
1545;JASPIS;1545;CHOU-FRISE
1546;JAUNE BOULE D'OR;1546;NAVET
1547;JAUNE DES CEVENNES BIO;1547;OIGNON BIO
1548;JAVA;1548;EPINARD
1549;JAYLO;1549;AUBERGINE
1550;JAZZ ;1550;MACHE
1551;JAZZ BIO;1551;MACHE BIO
1552;JELUNA BIO;1552;ROMAINE BIO
1553;JENGA;1553;MELON
1554;JENGA BIO;1554;MELON BIO
1555;JEROBOAM;1555;CHOU-FLEUR
1556;JEROME;1556;CHOU-FLEUR
1557;JEROME BIO;1557;CHOU-FLEUR BIO
1558;JERRICAN;1558;LAITUE ROUGE
1559;JERRICAN BIO;1559;LAITUE ROUGE BIO
1560;JESSICA BIO;1560;BLETTE BIO
1561;JESSY;1561;AUBERGINE
1562;JEUNE POUSSE;1562;JEUNE POUSSE
1563;JEUNE POUSSE G.F.;1563;JEUNE POUSSE
1564;JEWEL MARBLE;1564;AUBERGINE
1565;JEZERO;1565;CHENE BLONDE
1566;JEZERO BIO;1566;CHENE BLONDE BIO
1567;JIMENA;1567;SCAROLE
1568;JOI CHOI;1568;CHOU-CHINOIS
1569;JOI CHOI BIO;1569;CHOU-CHINOIS BIO
1570;JOKARI;1570;MELON
1571;JOKARI BIO;1571;MELON BIO
1572;JOKARY;1572;LOLLO BLONDE
1573;JOLIE;1573;FRISEE
1574;JOLLY;1574;COURGETTE
1575;JOUVANCE;1575;TOMATE
1576;JUBERA;1576;CHOU-FLEUR
1577;JUBILO;1577;MELON
1578;JUMBO;1578;POIS
1579;JUMBO BIO;1579;POIS BIO
1580;JUNIPER;1580;CHENE BLONDE
1581;JUPITER;1581;COURGETTE
1582;JUPITER BIO;1582;COURGETTE BIO
1583;KABOKO BIO;1583;CHOU-CHINOIS BIO
1584;KAKAO;1584;TOMATE
1585;KAKAO BIO;1585;TOMATE BIO
1586;KALAT;1586;LAITUE ROUGE
1587;KALIBOS;1587;CHOU-POINTU
1588;KALIMERA;1588;COURGETTE
1589;KALINKA;1589;SCAROLE
1590;KALINKA BIO;1590;SCAROLE BIO
1591;KALIXO;1591;TOMATE
1592;KALIXO BIO;1592;TOMATE BIO
1593;KALORAMA;1593;CHOU-CABUS
1594;KALUGA;1594;CHOU-CABUS
1595;KALYPSO;1595;TOMATE
1596;KALYPSO BIO;1596;TOMATE BIO
1597;KAMAL;1597;OIGNON
1598;KAMCHATKA;1598;CHOU-FRISE
1599;KAMIS;1599;CHOU-FLEUR
1600;KANAVARO;1600;TOMATE
1601;KANTAI;1601;CHENE ROUGE
1602;KAORI KURI;1602;POTIMARRON
1603;KARAKAL;1603;MELON
1604;KARAKAL BIO;1604;MELON BIO
1605;KARDINATA ;1605;TOMATE
1606;KARDINATA BIO;1606;TOMATE BIO
1607;KAREENA;1607;AUBERGINE
1608;KAREENA BIO;1608;AUBERGINE BIO
1609;KARINA;1609;POIS
1610;KARMAN;1610;MELON
1611;KASHEN;1611;CHOU-FLEUR
1612;KASKARO;1612;CHENE BLONDE
1613;KASMIRA;1613;PASTEQUE
1614;KASSY;1614;FRISEE
1615;KATAR;1615;LAITUE
1616;KATAR BIO;1616;LAITUE BIO
1617;KATRINA;1617;CONCOMBRE
1618;KATRINA BIO;1618;CONCOMBRE BIO
1619;KATUO;1619;FRISEE
1620;KATYA;1620;AUBERGINE
1621;KAYAC;1621;CHOU-FLEUR
1622;KEEPER;1622;POIREAU
1623;KEESHA;1623;COURGETTE
1624;KEESHA BIO;1624;COURGETTE BIO
1625;KELOUGA;1625;BATAVIA BLONDE
1626;KENDO;1626;ARTICHAUT
1627;KENDRAS;1627;TOMATE CONSERVE
1628;KEPLER;1628;CHOU-CABUS
1629;KER MADEC;1629;POTIMARRON
1630;KESIA;1630;AUBERGINE
1631;KETALE;1631;ROUGETTE
1632;KIDEN;1632;CHENE BLONDE
1633;KIDOW;1633;CHENE BLONDE
1634;KIELA;1634;CHENE BLONDE
1635;KIELA BIO;1635;CHENE BLONDE BIO
1636;KIEREN;1636;CHENE BLONDE
1637;KIGERA;1637;CHENE BLONDE
1638;KIGERA BIO;1638;CHENE BLONDE BIO
1639;KIKKO;1639;TOMATE CONSERVE
1640;KILACEES;1640;CHOU-CABUS
1641;KILAPLON;1641;CHOU-CHOUCROUTE
1642;KILASTOR;1642;CHOU-FLEUR
1643;KILDARY;1643;LAITUE
1644;KILEY;1644;CHENE BLONDE
1645;KIMANI;1645;CHENE BLONDE
1646;KIMANI BIO;1646;CHENE BLONDE BIO
1647;KIMERI;1647;CHENE BLONDE
1648;KIMOLOS;1648;FRISEE
1649;KIMOSA;1649;CHENE BLONDE
1650;KINCHO 3;1650;OIGNON
1651;KINCHO 3 BIO;1651;OIGNON BIO
1652;KINESIC;1652;CHENE BLONDE
1653;KINETA;1653;CHENE BLONDE
1654;KINETA BIO;1654;CHENE BLONDE BIO
1655;KINTELMO;1655;CHENE BLONDE
1656;KIRINIA;1656;CHENE BLONDE
1657;KIRINIA BIO;1657;CHENE BLONDE BIO
1658;KISEKI;1658;CHOU-CHINOIS
1659;KISHERI;1659;CHENE BLONDE
1660;KISHERI BIO;1660;CHENE BLONDE BIO
1661;KITERIA;1661;CHENE BLONDE
1662;KITSCH;1662;CHENE BLONDE
1663;KITSCH BIO;1663;CHENE BLONDE BIO
1664;KLIMARO;1664;CHOU-ROUGE
1665;KODIAC BIO;1665;MELON BIO
1666;KODIAC (CONCOMBRE);1666;CONCOMBRE
1667;KODIAC (MELON);1667;MELON
1668;KODIAK;1668;EPINARD
1669;KOLIBRI;1669;EPINARD
1670;KOLIBRI;1670;CHOU-RAVE
1671;KOLIBRI BIO;1671;CHOU-RAVE BIO
1672;KOMET;1672;CONCOMBRE
1673;KOMET BIO;1673;CONCOMBRE BIO
1674;KONGO;1674;TOMATE
1675;KONSTANCE;1675;CHOU-RAVE
1676;KORIST;1676;CHOU-RAVE
1677;KORIST BIO;1677;CHOU-RAVE BIO
1678;KORNETT;1678;BETTERAVE
1679;KORRIDOR BIO;1679;CHOU-RAVE BIO
1680;KOTEN;1680;CHOU-FLEUR
1681;KOUDORU;1681;MELON
1682;KOUROS;1682;POIVRON
1683;KOUROS BIO;1683;POIVRON BIO
1684;KOVALSKI;1684;BATAVIA ROUGE
1685;KRATOFORT;1685;PORTE GREFFE
1686;KRYPTON;1686;POIREAU
1687;KRYPTON BIO;1687;POIREAU BIO
1688;KYRA;1688;LAITUE
1689;KYRA BIO;1689;LAITUE BIO
1690;LADYBELLE;1690;PASTEQUE
1691;LADYNICE;1691;CHENE BLONDE
1692;LAGATTA;1692;BATAVIA BLONDE
1693;LAGOSTINA;1693;BATAVIA BLONDE
1694;LAGOSTINA BIO;1694;BATAVIA BLONDE BIO
1695;LAICA;1695;PERSIL PLAT
1696;LAICA BIO;1696;PERSIL PLAT BIO
1697;LAITUE;1697;LAITUE
1698;LAITUE BIO;1698;LAITUE BIO
1699;LAITUE BIO G.F.;1699;LAITUE BIO
1700;LAITUE G.F.;1700;LAITUE
1701;LAITUE NB;1701;LAITUE
1702;LAITUE ROUGE;1702;LAITUE ROUGE
1703;LAITUE ROUGE BIO;1703;LAITUE ROUGE BIO
1704;LAITUE ROUGE BIO G.F.;1704;LAITUE ROUGE BIO
1705;LAITUE ROUGE G.F.;1705;LAITUE ROUGE
1706;LAKAN;1706;CHENE ROUGE
1707;LAKAN BIO;1707;CHENE ROUGE BIO
1708;LAMUYO;1708;POIVRON
1709;LAMUYO BIO;1709;POIVRON BIO
1710;LANCASTER;1710;TOMATE
1711;LANCELOT;1711;TOMATE
1712;LANGERO;1712;LOLLO BLONDE
1713;LANNION;1713;CHOU-FLEUR
1714;LAOUEN;1714;CHOU-FLEUR
1715;LAPID;1715;PIMENT
1716;LA PREMIERE BIO;1716;LAITUE BIO
1717;LARGO;1717;BLETTE
1718;LARSSON;1718;CHOU-BROCOLI
1719;LARSSON BIO;1719;CHOU-BROCOLI BIO
1720;LATO;1720;AUBERGINE
1721;LATOYA;1721;LOLLO BLONDE
1722;LAURA;1722;PERSIL PLAT
1723;LAVADERO;1723;CHOU-FLEUR
1724;LAVANDE;1724;LAVANDE
1725;LAVANDE G.F.;1725;LAVANDE
1726;LAZIO;1726;CHOU-ROMANESCO
1727;LAZIO BIO;1727;CHOU-ROMANESCO BIO
1728;LECTRO;1728;CHOU-ROUGE
1729;LEELOO;1729;TOMATE
1730;LEGEND;1730;OIGNON
1731;LE GENEREUX;1731;CONCOMBRE
1732;LEIRE;1732;AUBERGINE
1733;LEMMY;1733;AUBERGINE
1734;LEMMY BIO;1734;AUBERGINE BIO
1735;LEMON BOY;1735;TOMATE
1736;LEMON BOY BIO;1736;TOMATE BIO
1737;LEMON GREEN BIO;1737;BASILIC BIO
1738;LEMPIKA;1738;SCAROLE
1739;LENIR;1739;CHENE BLONDE
1740;LENNOX;1740;CHOU-LISSE
1741;LEOCEN;1741;CHOU-FLEUR
1742;LEONARDO BIO FENOUILS;1742;FENOUIL BIO
1743;LEONARDO CHICOREE;1743;CHICOREE
1744;LEONARDO FENOUIL;1744;FENOUIL
1745;LEONIDA;1745;SCAROLE
1746;LETIZIA BIO;1746;ROQUETTE BIO
1747;LETOSUN;1747;PASTEQUE
1748;LEZIGNAN BIO;1748;OIGNON BIO
1749;LIBECCIO;1749;BUTTERNUT
1750;LIBOGA;1750;BATAVIA BLONDE
1751;LIBOGA BIO;1751;BATAVIA BLONDE BIO
1752;LICORNA;1752;TOMATE
1753;LIGURIA;1753;TOMATE
1754;LIHI/5GRS;1754;BASILIC
1755;LIHI BIO;1755;BASILIC BIO
1756;LILO;1756;POIVRON
1757;LILO BIO;1757;POIVRON BIO
1758;LIMEIRA;1758;LOLLO BLONDE
1759;LIMEIRA BIO;1759;LOLLO BLONDE BIO
1760;LIMKA BIO;1760;HARICOT BIO
1761;LINGODOR;1761;COURGETTE
1762;LINGODOR BIO;1762;COURGETTE BIO
1763;LINIAC;1763;COURGETTE
1764;LINIAC BIO;1764;COURGETTE BIO
1765;LINO PG/NPG;1765;CELERI BRANCHE
1766;LION;1766;CHOU-CABUS
1767;LION ;1767;PERSIL PLAT
1768;LIPARI;1768;POIVRON
1769;LIPARI BIO;1769;POIVRON BIO
1770;LIPSO;1770;TOMATE
1771;LISBOA;1771;LOLLO BLONDE
1772;LISETTE BIO;1772;PERSIL FRISE BIO
1773;LITERNUM;1773;TOMATE CONSERVE
1774;LITTLE FINGER;1774;AUBERGINE
1775;LITTLE FINGER BIO;1775;AUBERGINE BIO
1776;LIVECHE;1776;LIVECHE
1777;LIVECHE G.F.;1777;LIVECHE
1778;LIZZY;1778;FRISEE
1779;LOCRIS;1779;CHOU-FLEUR
1780;LODERO;1780;CHOU-ROUGE
1781;LOGOS;1781;COURGETTE
1782;LOGOS BIO;1782;COURGETTE BIO
1783;LOKI;1783;BASILIC
1784;LOLA;1784;COURGETTE
1785;LOLA BIO;1785;COURGETTE BIO
1786;LOLLO;1786;LOLLO (archivé)
1787;LOLLO BLONDE;1787;LOLLO BLONDE
1788;LOLLO BLONDE BIO;1788;LOLLO BLONDE BIO
1789;LOLLO BLONDE BIO G.F.;1789;LOLLO BLONDE BIO
1790;LOLLO BLONDE G.F.;1790;LOLLO BLONDE
1791;LOLLO BLONDE NB;1791;LOLLO BLONDE
1792;LOLLO G.F.;1792;LOLLO (archivé)
1793;LOLLO ROUGE;1793;LOLLO ROUGE
1794;LOLLO ROUGE BIO;1794;LOLLO ROUGE BIO
1795;LOLLO ROUGE BIO G.F.;1795;LOLLO ROUGE BIO
1796;LOLLO ROUGE G.F.;1796;LOLLO ROUGE
1797;LOLLO ROUGE NB;1797;LOLLO ROUGE
1798;LONGUE DE NICE;1798;COURGE
1799;LONGUE DE NICE BIO;1799;COURGE BIO
1800;LOREA;1800;COURGETTE
1801;LORENZO;1801;TOMATE
1802;LORIANE;1802;TOMATE
1803;LOUBRESSAC;1803;BATAVIA BLONDE
1804;LOUISANA BANANE;1804;AUBERGINE
1805;LOUSTIK;1805;CONCOMBRE
1806;LOVANICE;1806;CHENE BLONDE
1807;LOVERTINO;1807;TOMATE
1808;LUCEX;1808;CHOU-FLEUR
1809;LUCIE;1809;BASILIC
1810;LUCILLA;1810;AUBERGINE
1811;LUCINDA COURGE;1811;COURGE
1812;LUCINDA TOMATE;1812;TOMATE
1813;LUMEOLE;1813;BATAVIA BLONDE
1814;LUMINA;1814;COURGE
1815;LUMINUS;1815;CHOU-BRUXELLES
1816;LUMIREX;1816;MULTIFEUILLE ROUGE
1817;LUNANCE;1817;SCAROLE
1818;LUNEOR;1818;COURGETTE
1819;LUNEOR BIO;1819;COURGETTE BIO
1820;LUNEX;1820;CHOU-FLEUR
1821;LUTECIA;1821;TOMATE
1822;LYDIA;1822;AUBERGINE
1823;LYNELLE;1823;LAITUE
1824;MAAMORA;1824;MELON
1825;MACAI;1825;CHENE ROUGE
1826;MACAI BIO;1826;CHENE ROUGE BIO
1827;MACANE;1827;CHENE BLONDE
1828;MACARON;1828;TOMATE
1829;MACARON BIO;1829;TOMATE BIO
1830;MACHE;1830;MACHE
1831;MACHE BIO;1831;MACHE BIO
1832;MACHE BIO G.F.;1832;MACHE BIO
1833;MACHE G.F.;1833;MACHE
1834;MADIBA;1834;POTIMARRON
1835;MADIRAN;1835;CHENE ROUGE
1836;MADLENE;1836;CHOU-FRISE
1837;MADONA;1837;AUBERGINE
1838;MAESTRAL;1838;POIVRON
1839;MAESTRIA;1839;TOMATE
1840;MAESTRIA BIO;1840;TOMATE BIO
1841;MAESTRO;1841;POIS
1842;MAESTRO BIO;1842;POIS BIO
1843;MAESTRO BIO (CAROTTE);1843;CAROTTE BIO
1844;MAGALY;1844;FRISEE
1845;MAGENTA;1845;BATAVIA ROUGE
1846;MAGENTA BIO;1846;BATAVIA ROUGE BIO
1847;MAGNIK;1847;PERSIL PLAT
1848;MAGNIK BIO;1848;PERSIL PLAT BIO
1849;MAGNISKI;1849;BATAVIA ROUGE
1850;MAGNISKI BIO;1850;BATAVIA ROUGE BIO
1851;MAIS;1851;MAIS
1852;MAIS BIO;1852;MAIS BIO
1853;MAIS BIO G.F.;1853;MAIS BIO
1854;MAIS G.F.;1854;MAIS
1855;MAJESTEE;1855;COURGETTE
1856;MAJESTEE BIO;1856;COURGETTE BIO
1857;MAJOR;1857;HARICOT
1858;MAJOR BIO;1858;HARICOT BIO
1859;MAKEBA BIO;1859;MELON BIO
1860;MAKEBA (MELON);1860;MELON
1861;MAKKO;1861;POIVRON
1862;MALAKITA;1862;AUBERGINE
1863;MALTESE;1863;MELON
1864;MALTITA;1864;ROMAINE
1865;MAMBO BIO PG/NPG;1865;CELERI BRANCHE BIO
1866;MAMBO PG/NPG;1866;CELERI BRANCHE
1867;MANCHESTER;1867;MELON
1868;MANDARO;1868;CHENE BLONDE
1869;MANET;1869;MULTIFEUILLE ROUGE
1870;MANOKO;1870;CHOU-CHINOIS
1871;MANOSK;1871;COURGE
1872;MANOSK BIO;1872;COURGE BIO
1873;MANUREVA;1873;COURGETTE
1874;MANZU/2GRS;1874;BETTERAVE
1875;MARATHON;1875;CHOU-BROCOLI
1876;MARATHON BIO;1876;CHOU-BROCOLI BIO
1877;MARBELO;1877;LAITUE
1878;MARBONNE;1878;TOMATE
1879;MARBONNE BIO;1879;TOMATE BIO
1880;MARBRUNI;1880;TOMATE
1881;MARBRUNI BIO;1881;TOMATE BIO
1882;MARCUS;1882;CHOU-BROCOLI
1883;MARCUS PG/NPG;1883;CELERI BRANCHE
1884;MARGOLD;1884;TOMATE
1885;MARGOLD BIO;1885;TOMATE BIO
1886;MARGOT;1886;TOMATE
1887;MARIAN;1887;BASILIC
1888;MARIAN BIO;1888;BASILIC BIO
1889;MARIELLA;1889;LOLLO ROUGE
1890;MARINDA;1890;CORNICHON
1891;MARINIE;1891;BATAVIA BLONDE
1892;MARINSKI;1892;BATAVIA ROUGE
1893;MARINSKI BIO;1893;BATAVIA ROUGE BIO
1894;MARJOLAINE;1894;MARJOLAINE
1895;MARJOLAINE G.F.;1895;MARJOLAINE
1896;MARJORY;1896;FRISEE
1897;MARJORY BIO;1897;FRISEE BIO
1898;MARKIZ PG/NPG;1898;CELERI RAVE
1899;MARLIE;1899;BATAVIA BLONDE
1900;MARMALYSA;1900;TOMATE
1901;MARMALYSA BIO;1901;TOMATE BIO
1902;MARMANDE;1902;TOMATE
1903;MARMANDE BIO;1903;TOMATE BIO
1904;MARMITO;1904;COURGE
1905;MARMOLADA;1905;TOMATE
1906;MARMOLEJO;1906;TOMATE
1907;MARMOREX;1907;CHOU-FLEUR
1908;MARNERO;1908;TOMATE
1909;MARNERO BIO;1909;TOMATE BIO
1910;MARNOUAR;1910;TOMATE
1911;MARNOUAR BIO;1911;TOMATE BIO
1912;MARPINK;1912;TOMATE
1913;MARPINK BIO;1913;TOMATE BIO
1914;MARRIO;1914;CHOU-CHINOIS
1915;MARSEILLAIS;1915;BASILIC
1916;MARSEILLAIS BIO;1916;BASILIC BIO
1917;MARSILIA;1917;TOMATE
1918;MARSILIA BIO;1918;TOMATE BIO
1919;MARSUNNY;1919;TOMATE
1920;MARSUNNY BIO;1920;TOMATE BIO
1921;MARTE;1921;CHOU-BRUXELLES
1922;MARTE BIO;1922;CHOU-BRUXELLES BIO
1923;MARTINUS;1923;CHOU-BRUXELLES
1924;MARVORI;1924;TOMATE
1925;MARVORI BIO;1925;TOMATE BIO
1926;MASADA;1926;MELON
1927;MASADA BIO;1927;MELON BIO
1928;MASCARPONE;1928;BATAVIA BLONDE
1929;MASSILIA;1929;BASILIC
1930;MATADOR;1930;ECHALOTE
1931;MATCH MACHE BIO;1931;MACHE BIO
1932;MATCH MELON;1932;MELON
1933;MATILDA;1933;HARICOT
1934;MATILDA;1934;BUTTERNUT
1935;MATSURI;1935;CHOU-BROCOLI
1936;MATTADORES;1936;POIVRON
1937;MATTHIOLA;1937;FLEUR
1938;MAURICE;1938;CHOU-FRISE
1939;MAURICIUS;1939;CHOU-BROCOLI
1940;MAVERIC;1940;COURGETTE
1941;MAVERIC BIO;1941;COURGETTE BIO
1942;MAXIFORT;1942;PORTE GREFFE
1943;MAXIFORT BIO;1943;PORTE GREFFE BIO
1944;MAXIM;1944;POIREAU
1945;MAXIM BIO;1945;POIREAU BIO
1946;MEDAILLON;1946;CHOU-FLEUR
1947;MEDAILLON BIO;1947;CHOU-FLEUR BIO
1948;MEERKAT;1948;EPINARD
1949;MEERKAT BIO;1949;EPINARD BIO
1950;MEGALINE;1950;TOMATE
1951;MEI QING CHOI;1951;CHOU-CHINOIS
1952;MEI QING CHOI BIO;1952;CHOU-CHINOIS BIO
1953;MELANY;1953;FRISEE
1954;MELANY BIO;1954;FRISEE BIO
1955;MELGIC;1955;MELON
1956;MELISSA;1956;HARICOT
1957;MELISSA;1957;CHOU-FRISE
1958;MELISSA BIO;1958;CHOU-FRISE BIO
1959;MELIXIS;1959;MELON
1960;MELODIE;1960;FRISEE
1961;MELON;1961;MELON
1962;MELON BIO;1962;MELON BIO
1963;MELON BIO G.F.;1963;MELON BIO
1964;MELON G.F.;1964;MELON
1965;MELVEL;1965;MELON
1966;MENDEL;1966;EAZYLEAF (archivé)
1967;MENDEL;1967;CHOU-FLEUR
1968;MENDES;1968;SCAROLE
1969;MENGWENN;1969;CHOU-FLEUR
1970;MENTHE;1970;MENTHE
1971;MENTHE BIO;1971;MENTHE BIO
1972;MENTHE BIO G.F.;1972;MENTHE BIO
1973;MENTHE G.F.;1973;MENTHE
1974;MENTHE VERTE BIO;1974;MENTHE BIO
1975;MENTHOLE;1975;BATAVIA BLONDE
1976;MERCATO;1976;HARICOT
1977;MERVEILLE DES MARCHE;1977;TOMATE
1978;MERY BIO;1978;VESCE BIO
1979;MESCLUM BIO;1979;MESCLUM BIO
1980;MESCLUM BIO G.F.;1980;MESCLUM BIO
1981;MESCLUN;1981;MESCLUN
1982;MESCLUN G.F.;1982;MESCLUN
1983;MESSINA BIO;1983;TOMATE BIO
1984;METRO;1984;TOMATE
1985;METRO;1985;TOMATE CONSERVE
1986;METROPOLE BIO;1986;BATAVIA BLONDE BIO
1987;MEXEL;1987;MELON
1988;MEXIQUE;1988;OKRA
1989;MIA/5GRS;1989;BASILIC
1990;MIA BIO;1990;BASILIC BIO
1991;MIAKA;1991;LAITUE ROUGE
1992;MICHELET;1992;HARICOT
1993;MIDINOR YELLOW;1993;POIVRON
1994;MIEL DU MEXIQUE BIO;1994;TOMATE BIO
1995;MIELUNA;1995;BUTTERNUT
1996;MIELUNA BIO;1996;COURGE BIO
1997;MIELUNA BIO;1997;BUTTERNUT BIO
1998;MIGNONE;1998;BATAVIA BLONDE
1999;MIGNONE BIO;1999;BATAVIA BLONDE BIO
2000;MIKONOS;2000;COURGETTE
2001;MILADY;2001;FRISEE
2002;MILANDINA;2002;CHOU-FRISE
2003;MILDIS;2003;CHOU-FLEUR
2004;MILETTA;2004;CHOU-FRISE
2005;MILIARI;2005;FRISEE
2006;MILIARI BIO;2006;FRISEE BIO
2007;MILOS;2007;COURGETTE
2008;MILOS BIO;2008;COURGETTE BIO
2009;MIMOSA;2009;TOMATE
2010;MIMOSA BIO;2010;TOMATE BIO
2011;MINELLY;2011;FRISEE
2012;MINERAL;2012;BATAVIA ROUGE
2013;MINERAL BIO;2013;BATAVIA ROUGE BIO
2014;MINERO;2014;CHOU-BROCOLI
2015;MINERVA;2015;POIVRON
2016;MINILOU;2016;TOMATE
2017;MINILOU BIO;2017;TOMATE BIO
2018;MINI LOVE;2018;PASTEQUE
2019;MINI LOVE BIO;2019;PASTEQUE BIO
2020;MINIPOL;2020;PASTEQUE
2021;MINI-ROMAINE;2021;MINI-ROMAINE (archivé)
2022;MINI-ROMAINE G.F.;2022;MINI-ROMAINE (archivé)
2023;MIRABELLE BLANCHE;2023;TOMATE
2024;MIRVAL;2024;AUBERGINE
2025;MISADO ROSE FLESH BIO;2025;DIVERS BIO
2026;MISTICA BIO;2026;HARICOT BIO
2027;MODANE;2027;CHENE BLONDE
2028;MODANE BIO;2028;CHENE BLONDE BIO
2029;MONACO CHX;2029;CHOU-BROCOLI
2030;MONALINE;2030;TOMATE
2031;MONARCA;2031;AUBERGINE
2032;MONARCH BIO PG/NPG;2032;CELERI RAVE BIO
2033;MONARCH PG/NPG;2033;CELERI RAVE
2034;MONARDE;2034;AROMATIQUE
2035;MONASTRELL;2035;OIGNON
2036;MONCLANO;2036;CHOU-BROCOLI
2037;MONDRIAN;2037;CHENE ROUGE
2038;MONDRIAN BIO;2038;CHENE ROUGE BIO
2039;MONETA;2039;BETTERAVE
2040;MONFLOR;2040;CHOU-BROCOLI
2041;MONTANA;2041;SARRIETTE
2042;MONTANA 2019;2042;SARRIETTE
2043;MONTANA 2024;2043;SARRIETTE
2044;MONTANA BIO;2044;SARRIETTE BIO
2045;MONTEBELLO;2045;HARICOT
2046;MONTECARLO;2046;TOMATE
2047;MONTE GUSTO;2047;HARICOT
2048;MONTE GUSTO BIO;2048;HARICOT BIO
2049;MONTEORANGE;2049;TOMATE
2050;MONTEROSA;2050;TOMATE
2051;MONTFAVET;2051;TOMATE
2052;MONTFAVET BIO;2052;TOMATE BIO
2053;MONTIEL;2053;MELON
2054;MOONSHYNE;2054;CHOU-FLEUR
2055;MORADA DE AMPOSTA BIO;2055;OIGNON BIO
2056;MORANE;2056;TOMATE
2057;MORANE BIO;2057;TOMATE BIO
2058;MORENA;2058;PASTEQUE
2059;MORENA BIO;2059;PASTEQUE BIO
2060;MORETTA;2060;PASTEQUE
2061;MORFEO;2061;LAITUE
2062;MORTICIA;2062;ROMAINE
2063;MOSKRUL BIO;2063;PERSIL FRISE BIO
2064;MOTTE NUE;2064;MOTTE NUE
2065;MOTTE NUE BIO;2065;MOTTE NUE BIO
2066;MOZART;2066;CHOU-LISSE
2067;MOZIA;2067;MELON
2068;MULTIBLOND 110;2068;MULTIFEUILLE BLONDE
2069;MULTI. BLONDE;2069;MULTIFEUILLE BLONDE
2070;MULTIBLONDE 56;2070;MULTIFEUILLE BLONDE
2071;MULTI. BLONDE BIO;2071;MULTIFEUILLE BLONDE BIO
2072;MULTI. BLONDE BIO G.F.;2072;MULTIFEUILLE BLONDE BIO
2073;MULTI. BLONDE G.F.;2073;MULTIFEUILLE BLONDE
2074;MULTIFEUILLE G.F.;2074;MULTIFEUILLE
2075;MULTIFEUILLES;2075;MULTIFEUILLE
2076;MULTIGREEN 114;2076;MULTIFEUILLE BLONDE
2077;MULTIGREEN50;2077;MULTIFEUILLE BLONDE
2078;MULTIGREEN60;2078;MULTIFEUILLE BLONDE
2079;MULTIRED 209;2079;MULTIFEUILLE ROUGE
2080;MULTIRED 55;2080;MULTIFEUILLE ROUGE
2081;MULTI. ROUGE;2081;MULTIFEUILLE ROUGE
2082;MULTI. ROUGE BIO;2082;MULTIFEUILLE ROUGE BIO
2083;MULTI. ROUGE BIO G.F.;2083;MULTIFEUILLE ROUGE BIO
2084;MULTI. ROUGE G.F.;2084;MULTIFEUILLE ROUGE
2085;MURDOC  (POINTU);2085;CHOU-CABUS
2086;MUSKI-TEENY BIO;2086;COURGE BIO
2087;MUSQUE DE PROVENCE BIO;2087;COURGE BIO
2088;MUSQUEE DE PROVENCE;2088;COURGE
2089;MYAMAR;2089;LAITUE
2090;MYAMAR BIO;2090;LAITUE BIO
2091;MYLES;2091;LAITUE
2092;MYRIADE;2092;TOMATE
2093;MYRIADE BIO;2093;TOMATE BIO
2094;MYRNA;2094;FRISEE
2095;MYRNA BIO;2095;FRISEE BIO
2096;MYSTIC;2096;CHOU-CABUS
2097;N540 BIO;2097;TOMATE CONSERVE BIO
2098;N6416;2098;TOMATE CONSERVE
2099;N6438;2099;TOMATE CONSERVE
2100;N6438 BIO;2100;TOMATE CONSERVE BIO
2101;NANAKI  BO;2101;CELERI
2102;NANAKI PG/NPG;2102;CELERI BRANCHE
2103;NARUTO;2103;CHOU-FLEUR
2104;NARUTO BIO;2104;CHOU-FLEUR BIO
2105;NASUA;2105;EPINARD
2106;NATSUKI;2106;CHOU-CHINOIS
2107;NATURABELLA;2107;BATAVIA BLONDE
2108;NATURABELLA BIO;2108;BATAVIA BLONDE BIO
2109;NATYSSA;2109;TOMATE
2110;NAUTIC;2110;CHOU-BRUXELLES
2111;NAUTIC BIO;2111;CHOU-BRUXELLES BIO
2112;NAUTILUS;2112;CHOU-FLEUR
2113;NAUTILUS BIO;2113;CHOU-FLEUR BIO
2114;NAVALO;2114;CHOU-FLEUR
2115;NAVALO BIO;2115;CHOU-FLEUR BIO
2116;NAVET;2116;NAVET
2117;NAVET BIO;2117;NAVET BIO
2118;NAVET BIO G.F.;2118;NAVET BIO
2119;NAVET G.F.;2119;NAVET
2120;NAVONA;2120;CHOU-ROMANESCO
2121;NAXOS;2121;COURGETTE
2122;NAXOS CHOUX;2122;CHOU-BROCOLI
2123;NEBRASKA;2123;CHOU-FRISE
2124;NECKARGOLD BIO;2124;HARICOT BIO
2125;NEHERAI;2125;CHENE ROUGE
2126;NEHERAI BIO;2126;CHENE ROUGE BIO
2127;NELSON COURGE;2127;COURGE
2128;NELSON PASTEQUE;2128;PASTEQUE
2129;NEMABRIX2000;2129;TOMATE CONSERVE
2130;NEO;2130;MELON
2131;NEREA;2131;AUBERGINE
2132;NEREA BIO;2132;AUBERGINE BIO
2133;NERO DI TOSCANO;2133;CHOU-KALE
2134;NEVADA BIO;2134;EPINARD BIO
2135;NEWLYN;2135;CHOU-FLEUR
2136;NEXIO;2136;MELON
2137;NEXIO BIO;2137;MELON BIO
2138;NICOLINA;2138;LAITUE
2139;NIGHTSHADE;2139;TOMATE
2140;NIKAS;2140;PASTEQUE
2141;NIKAS BIO;2141;PASTEQUE BIO
2142;NIMOS;2142;COURGETTE
2143;NOGA;2143;BASILIC
2144;NOGA BIO;2144;BASILIC BIO
2145;NOIRE DE CRIMEE;2145;TOMATE
2146;NOIRE DE CRIMEE BIO;2146;TOMATE BIO
2147;NOIRE DE CRIMEE YALTA;2147;TOMATE
2148;NOIRE D'EGYPTE;2148;BETTERAVE
2149;NOIRE RUSSE;2149;TOMATE
2150;NOLANIE;2150;BATAVIA BLONDE
2151;NOLANIE BIO;2151;BATAVIA BLONDE BIO
2152;NOMAD;2152;CHOU-FLEUR
2153;NOMAD BIO;2153;CHOU-FLEUR BIO
2154;NORIAC;2154;COURGETTE
2155;NORIAC BIO;2155;COURGETTE BIO
2156;NOVAS;2156;PERSIL PLAT
2157;NUANCE BIO;2157;SCAROLE BIO
2158;NUANSAI;2158;CHENE ROUGE
2159;NUGGET;2159;TOMATE
2160;NUN 00283 BIO;2160;TOMATE CONSERVE BIO
2161;NUN 00296 BIO;2161;TOMATE CONSERVE BIO
2162;NUN 9399;2162;TOMATE
2163;NUNKA;2163;BATAVIA BLONDE
2164;NUTTIK;2164;COURGE
2165;NUVOLA;2165;BATAVIA BLONDE
2166;OAKWEN;2166;CHENE BLONDE
2167;OBIWAN;2167;CHOU-FLEUR
2168;OBIWAN BIO;2168;CHOU-FLEUR BIO
2169;OCEANIQUE;2169;CHOU-FLEUR
2170;OCEANIS;2170;BATAVIA BLONDE
2171;OCELOT;2171;PASTEQUE
2172;OCHSENHERZ ORANGE;2172;TOMATE
2173;OCITO;2173;MELON
2174;OCITO BIO;2174;MELON BIO
2175;OCTAVIUS BIO PG/NPG;2175;CELERI BRANCHE BIO
2176;OCTAVIUS PG/NPG (CELERI);2176;CELERI BRANCHE
2177;ODEON;2177;MACHE
2178;ODETTE;2178;POTIRON
2179;OFFICINALE;2179;SAUGE
2180;OIGNON;2180;OIGNON
2181;OIGNON BIO;2181;OIGNON BIO
2182;OIGNON BIO G.F.;2182;OIGNON BIO
2183;OIGNON G.F.;2183;OIGNON
2184;OKRA;2184;OKRA
2185;OKRA G.F.;2185;OKRA
2186;OKTAN;2186;CONCOMBRE
2187;OKTAN BIO;2187;CONCOMBRE BIO
2188;OKXO;2188;COURGETTE
2189;OLANA;2189;BATAVIA BLONDE
2190;OLANA BIO;2190;BATAVIA BLONDE BIO
2191;OLANICE;2191;CHENE BLONDE
2192;OLGADA;2192;ROMAINE
2193;OLMETIE;2193;BATAVIA BLONDE
2194;OLMETIE BIO;2194;BATAVIA BLONDE BIO
2195;OLYMPIC;2195;OIGNON
2196;OLYMPUS BIO;2196;ARTICHAUT BIO
2197;OMERO;2197;CHOU-ROUGE
2198;OMERO BIO;2198;CHOU-ROUGE BIO
2199;ONNICE;2199;CHENE BLONDE
2200;ONTARIO;2200;CHOU-FRISE
2201;ONYX F1;2201;TOMATE
2202;OPAL;2202;ARTICHAUT
2203;OPAL BIO;2203;ARTICHAUT BIO
2204;OPALITA;2204;AUBERGINE
2205;OPALIX BIO;2205;CHENE ROUGE BIO
2206;OPERA;2206;ARTICHAUT
2207;OPERA BIO;2207;ARTICHAUT BIO
2208;OPHELY;2208;FRISEE
2209;OPHELY BIO;2209;FRISEE BIO
2210;OPHIR;2210;CHENE BLONDE
2211;OPTIMIST;2211;CHOU-FLEUR
2212;OPTIMIST BIO;2212;CHOU-FLEUR BIO
2213;ORAGIO ;2213;TOMATE
2214;ORAGIO BIO;2214;TOMATE BIO
2215;ORANE;2215;BATAVIA BLONDE
2216;ORANGE BANANA BIO;2216;TOMATE BIO
2217;ORANGE FIZZ;2217;TOMATE
2218;ORANGE QUEEN;2218;TOMATE
2219;ORANGE QUEEN BIO;2219;TOMATE BIO
2220;ORANGE SUMMER;2220;POTIMARRON
2221;ORANGE SUMMER BIO;2221;POTIMARRON BIO
2222;ORANOS;2222;POIVRON
2223;ORAZIO;2223;FENOUIL
2224;ORAZIO;2224;POIVRON
2225;ORBIT BIO;2225;FENOUIL BIO
2226;OREILLE DU DIABLE BIO;2226;LAITUE BIO
2227;ORELIA;2227;COURGETTE
2228;ORENY;2228;POIVRON
2229;ORENY BIO;2229;POIVRON BIO
2230;ORFEO;2230;PERSIL (ARCHIVÉ 12-04-21)
2231;ORFEO;2231;PERSIL FRISE
2232;ORGANZA;2232;TOMATE
2233;ORGANZA BIO;2233;TOMATE BIO
2234;ORIEMA;2234;CHOU-LISSE
2235;ORIGAN;2235;ORIGAN
2236;ORIGAN BIO;2236;ORIGAN BIO
2237;ORIGAN BIO G.F.;2237;ORIGAN BIO
2238;ORIGAN G.F.;2238;ORIGAN
2239;ORINADE;2239;TOMATE
2240;ORININJA;2240;PASTEQUE
2241;ORININJA BIO;2241;PASTEQUE BIO
2242;ORION;2242;FENOUIL
2243;ORION BIO;2243;FENOUIL BIO
2244;ORIONIT;2244;BUTTERNUT
2245;ORIONIT BIO;2245;COURGE BIO
2246;ORNELLA;2246;PASTEQUE
2247;ORTANO;2247;COURGETTE
2248;OSEILLE;2248;OSEILLE
2249;OSEILLE BIO;2249;OSEILLE BIO
2250;OSEILLE BIO G.F.;2250;OSEILLE BIO
2251;OSEILLE G.F.;2251;OSEILLE
2252;OSLO;2252;POIREAU
2253;OSMIN ROUGE BIO;2253;BASILIC BIO
2254;OSU BLUE;2254;TOMATE
2255;OSU BLUE BIO;2255;TOMATE BIO
2256;OUISTITI;2256;LAITUE
2257;OVALIE;2257;LAITUE ROUGE
2258;OVINDOLI;2258;CHOU-FLEUR
2259;OXMO;2259;LAITUE
2260;OZEKA;2260;BATAVIA BLONDE
2261;OZEKA BIO;2261;BATAVIA BLONDE BIO
2262;P 1580;2262;CHENE BLONDE
2263;PACIANO;2263;CHOU-FLEUR
2264;PACIANO BIO;2264;CHOU-FLEUR BIO
2265;PACTOLE;2265;BATAVIA BLONDE
2266;PACTOLE BIO;2266;BATAVIA BLONDE BIO
2267;PADAWANE;2267;CHENE BLONDE
2268;PADAWANE BIO;2268;CHENE BLONDE BIO
2269;PAIN DE SUCRE;2269;PAIN DE SUCRE
2270;PAIN DE SUCRE BIO;2270;PAIN DE SUCRE BIO
2271;PAIN DE SUCRE BIO G.F.;2271;PAIN DE SUCRE BIO
2272;PAIN DE SUCRE G.F.;2272;PAIN DE SUCRE
2273;PALAU;2273;BETTERAVE
2274;PALLADIO;2274;POIVRON
2275;PALLADIUM;2275;CONCOMBRE
2276;PALLADIUM BIO;2276;CONCOMBRE BIO
2277;PALLA ROSSA;2277;CHICOREE
2278;PALOMBO;2278;POIVRON
2279;PALOMBO BIO;2279;POIVRON BIO
2280;PANACOLA;2280;BATAVIA BLONDE
2281;PANAIS;2281;PANAIS
2282;PANAIS BIO;2282;PANAIS BIO
2283;PANAIS BIO G.F.;2283;PANAIS BIO
2284;PANAIS G.F.;2284;PANAIS
2285;PANETTONE;2285;BATAVIA BLONDE
2286;PANISSE;2286;CHENE BLONDE
2287;PANORAMIS;2287;LAITUE
2288;PANORAMIS BIO;2288;LAITUE BIO
2289;PANTHER;2289;OIGNON
2290;PANUKIA;2290;LAITUE
2291;PAOLA;2291;TOMATE
2292;PAOLA BIO;2292;TOMATE BIO
2293;PAOLINE;2293;TOMATE
2294;PAOLO PG/NPG;2294;CELERI BRANCHE
2295;PARABELLA;2295;BATAVIA BLONDE
2296;PARABELLA BIO;2296;BATAVIA BLONDE BIO
2297;PARABOLE;2297;BATAVIA BLONDE
2298;PARACRESS;2298;DIVERS
2299;PARADE CIBOULE;2299;CIBOULE
2300;PARADE CIBOULE BIO;2300;CIBOULE BIO
2301;PARADE MACHE;2301;MACHE
2302;PARADOR;2302;COURGETTE
2303;PARADOR BIO;2303;COURGETTE BIO
2304;PARAKEET;2304;EPINARD
2305;PARCERO;2305;POIVRON
2306;PARCERO BIO;2306;POIVRON BIO
2307;PARESA BIO;2307;CHOU-FRISE BIO
2308;PARICI BIO;2308;BATAVIA BLONDE BIO
2309;PARIGYNO;2309;CORNICHON
2310;PARMAC;2310;CHOU-FLEUR VIOLET
2311;PARMANCE;2311;SCAROLE
2312;PARMENIDE;2312;SCAROLE
2313;PARONSET;2313;TOMATE
2314;PARONSET BIO;2314;TOMATE BIO
2315;PAROS;2315;BLETTE
2316;PARTHENON;2316;CHOU-BROCOLI
2317;PARTHENON BIO;2317;CHOU-BROCOLI BIO
2318;PARTNER;2318;POIVRON
2319;PARTY;2319;MELON
2320;PARTY BIO;2320;MELON BIO
2321;PASION;2321;PASTEQUE
2322;PASKA;2322;CONCOMBRE
2323;PASKA BIO;2323;CONCOMBRE BIO
2324;PASKIAN ;2324;LAITUE
2325;PASSAT;2325;CHOU-LISSE
2326;PASTEQUE;2326;PASTEQUE
2327;PASTEQUE BIO;2327;PASTEQUE BIO
2328;PASTEQUE BIO G.F.;2328;PASTEQUE BIO
2329;PASTEQUE G.F.;2329;PASTEQUE
2330;PASTINI;2330;COURGE
2331;PASTINICE;2331;CHENE BLONDE
2332;PASTINICE BIO;2332;CHENE BLONDE BIO
2333;PATA NEGRA;2333;PASTEQUE
2334;PATATE DOUCE;2334;PATATE DOUCE
2335;PATATE DOUCE BIO;2335;PATATE DOUCE BIO
2336;PATATE DOUCE BIO G.F.;2336;PATATE DOUCE BIO
2337;PATATE DOUCE G.F.;2337;PATATE DOUCE
2338;PATATI;2338;LAITUE
2339;PATISSON;2339;PATISSON
2340;PATISSON BIO;2340;PATISSON BIO
2341;PATISSON BIO G.F.;2341;PATISSON BIO
2342;PATISSON BLANC;2342;PATISSON
2343;PATISSON BLANC BIO;2343;PATISSON BIO
2344;PATISSON G.F.;2344;PATISSON
2345;PATISSON JAUNE BIO;2345;PATISSON BIO
2346;PATMOS;2346;COURGETTE
2347;PAULETTE;2347;TOMATE
2348;PAVAROTTI;2348;LAITUE
2349;PEGASO;2349;FENOUIL
2350;PENDRAGON;2350;MELON
2351;PENDRAGON BIO;2351;MELON BIO
2352;PEPE;2352;TOMATE
2353;PEPITA;2353;PASTEQUE
2354;PEPITE;2354;TOMATE
2355;PERFECTA;2355;CHOU-CABUS
2356;PERFORMANCE;2356;SCAROLE
2357;PERITI;2357;LAITUE
2358;PERLINO;2358;TOMATE
2359;PERSEUS PAIN DE SUCRE;2359;PAIN DE SUCRE
2360;PERSICARIA HYDROPIPE BIO;2360;DIVERS BIO
2361;PERSIL;2361;PERSIL (ARCHIVÉ 12-04-21)
2362;PERSIL BIO;2362;PERSIL BIO (ARCHIVÉ 12-04-21)
2363;PERSIL BIO G.F.;2363;PERSIL BIO (ARCHIVÉ 12-04-21)
2364;PERSIL FRISE;2364;PERSIL FRISE
2365;PERSIL FRISE BIO;2365;PERSIL FRISE BIO
2366;PERSIL FRISE BIO G.F.;2366;PERSIL FRISE BIO
2367;PERSIL FRISE G.F.;2367;PERSIL FRISE
2368;PERSIL G.F.;2368;PERSIL (ARCHIVÉ 12-04-21)
2369;PERSIL PLAT;2369;PERSIL PLAT
2370;PERSIL PLAT BIO;2370;PERSIL PLAT BIO
2371;PERSIL PLAT BIO G.F.;2371;PERSIL PLAT BIO
2372;PERSIL PLAT G.F.;2372;PERSIL PLAT
2373;PETIT MARSEILLAIS;2373;POIVRON
2374;PETIT MARSEILLAIS BIO;2374;POIVRON BIO
2375;PETULA;2375;TOMATE
2376;PHARLAP;2376;CHOU-BROCOLI
2377;PHYSALIS;2377;PHYSALIS
2378;PHYSALIS G.F.;2378;PHYSALIS
2379;PIAS;2379;MELON
2380;PICADOR;2380;ROMAINE
2381;PICCOLO;2381;TOMATE
2382;PICOLA;2382;AUBERGINE
2383;PICOLINO;2383;CONCOMBRE
2384;PICOLINO BIO;2384;CONCOMBRE BIO
2385;PICOLLINO;2385;BASILIC
2386;PIETRAROSSA;2386;TOMATE CONSERVE
2387;PIMENT;2387;PIMENT
2388;PIMENT BIO;2388;PIMENT BIO
2389;PIMENT BIO G.F.;2389;PIMENT BIO
2390;PIMENT G.F.;2390;PIMENT
2391;PINK IMPRESSION;2391;TOMATE
2392;PINK IMPRESSION BIO;2392;TOMATE BIO
2393;PINKSTAR;2393;CHOU-ROUGE
2394;PINK SUN;2394;TOMATE
2395;PINK WONDER;2395;TOMATE
2396;PINNACLE BIO;2396;COURGE BIO
2397;PINOKKIO;2397;POIVRON
2398;PINSTRIPE;2398;AUBERGINE
2399;PIPELINE;2399;CHENE ROUGE
2400;PIPELINE BIO;2400;CHENE ROUGE BIO
2401;PIRAMIDE;2401;CHOU-ROMANESCO
2402;PIRAMIDE BIO;2402;CHOU-ROMANESCO BIO
2403;PIRANA;2403;SUCRINE
2404;PIRANA BIO;2404;SUCRINE BIO
2405;PIROULIE;2405;BATAVIA BLONDE
2406;PIROULIE BIO;2406;BATAVIA BLONDE BIO
2407;PISSENLIT;2407;PISSENLIT
2408;PISSENLIT G.F.;2408;PISSENLIT
2409;PIXAR;2409;COURGETTE
2410;PLANT AROMATIQUE G.F.;2410;AROMATIQUE
2411;PLANT AROMATIQUES;2411;AROMATIQUE
2412;PLANTELA;2412;BATAVIA BLONDE
2413;PLATEAUX GERMINATION;2413;COURGETTE
2414;PLATIDOU;2414;CHOU-LISSE
2415;PLESSI;2415;CHOU-FLEUR
2416;PLUSTON;2416;POIREAU
2417;PLUTO;2417;COURGE
2418;PLUTO BIO;2418;COURGE BIO
2419;POET;2419;CHOU-POINTU
2420;POIREAU;2420;POIREAU
2421;POIREAU BIO;2421;POIREAU BIO
2422;POIREAU BIO G.F.;2422;POIREAU BIO
2423;POIREAU G.F.;2423;POIREAU
2424;POIREE ROUGE BIO;2424;POIREE ROUGE BIO
2425;POIREE ROUGE BIO G.F.;2425;POIREE ROUGE BIO
2426;POIREE VERTE BIO;2426;POIREE VERTE BIO
2427;POIREE VERTE BIO G.F.;2427;POIREE VERTE BIO
2428;POIS;2428;POIS
2429;POIS BIO;2429;POIS BIO
2430;POIS BIO G.F.;2430;POIS BIO
2431;POIS G.F.;2431;POIS
2432;POIVRON;2432;POIVRON
2433;POIVRON BIO;2433;POIVRON BIO
2434;POIVRON BIO G.F.;2434;POIVRON BIO
2435;POIVRON G.F.;2435;POIVRON
2436;POLO;2436;PATISSON
2437;POMEZIO;2437;CHOU-ROMANESCO
2438;PONGO;2438;HARICOT
2439;PONGO BIO;2439;HARICOT BIO
2440;PONTINO;2440;CHOU-BROCOLI
2441;POP 16;2441;THYM
2442;POPLAR;2442;CHENE BLONDE
2443;POP LION;2443;THYM
2444;PORQUEROLE;2444;BATAVIA BLONDE
2445;PORTE GREFFE;2445;PORTE GREFFE
2446;PORTE GREFFE BIO;2446;PORTE GREFFE BIO
2447;PORTE GREFFE BIO G.F.;2447;PORTE GREFFE BIO
2448;PORTE GREFFE G.F.;2448;PORTE GREFFE
2449;PORTURA ;2449;POIREAU
2450;POTIMARRON;2450;POTIMARRON
2451;POTIMARRON BIO;2451;POTIMARRON BIO
2452;POTIMARRON BIO G.F.;2452;POTIMARRON BIO
2453;POTIMARRON G.F.;2453;POTIMARRON
2454;POTIMARRON (POTIRON);2454;POTIRON
2455;POTIRON;2455;POTIRON
2456;POTIRON G.F.;2456;POTIRON
2457;POURPIER G.F.;2457;POURPIER
2458;POURPRE;2458;BASILIC
2459;POXIGO;2459;POIVRON
2460;PRADERA;2460;CONCOMBRE
2461;PREDECO;2461;CHOU-CABUS
2462;PREDI;2462;POIVRON
2463;PREDI BIO;2463;POIVRON BIO
2464;PRELUDA;2464;ROMAINE
2465;PRELUDIO;2465;FENOUIL
2466;PRELUDIO BIO;2466;FENOUIL BIO
2467;PREMIER;2467;OIGNON
2468;PREMIO;2468;TOMATE
2469;PREMIO BIO;2469;TOMATE BIO
2470;PREMIUM;2470;PASTEQUE
2471;PREMIUM 9002SO BIO;2471;DIVERS BIO
2472;PREMIUM BIO;2472;PASTEQUE BIO
2473;PRETINO;2473;CHOU-ROUGE
2474;PRETORIAN BIO;2474;CHOU-BROCOLI BIO
2475;PREVIA;2475;TOMATE
2476;PRIMAGOLD;2476;PASTEQUE
2477;PRIMAORANGE;2477;PASTEQUE
2478;PRIMAVERA BIO;2478;COURGE BIO
2479;PRIMAVERA COURGE;2479;COURGE
2480;PRIMAVERA PASTEQUE;2480;PASTEQUE
2481;PRIMERO;2481;CHOU-ROUGE
2482;PRIMERO BIO;2482;CHOU-ROUGE BIO
2483;PRINCESS;2483;MACHE
2484;PRINCINO PG/NPG;2484;CELERI RAVE
2485;PRINCONIA;2485;CHOU-LISSE
2486;PRINTEL;2486;SCAROLE
2487;PRINZ BIO PG/NPG;2487;CELERI RAVE BIO
2488;PRINZ PG/NPG;2488;CELERI RAVE
2489;PRIOR;2489;POIVRON
2490;PRODIKOS;2490;CHOU-CABUS
2491;PROSPERA BIO;2491;BASILIC BIO
2492;PROSPERA GRAND VERT;2492;BASILIC
2493;PROSPERIANT;2493;TOMATE
2494;PROSPERIANT BIO;2494;TOMATE BIO
2495;PROTECTOR;2495;PORTE GREFFE
2496;PROTECTOR BIO;2496;PORTE GREFFE BIO
2497;PROVICK;2497;COURGE
2498;PROVIDENCE;2498;CHOU-FRISE
2499;PRUNE NOIRE;2499;TOMATE
2500;PRUNE NOIRE BIO;2500;TOMATE BIO
2501;PUNTOVERDE;2501;CHOU-FLEUR
2502;PURPLE;2502;PIMENT
2503;PYROS;2503;TOMATE
2504;PYROS BIO;2504;TOMATE BIO
2505;QUARTO;2505;CONCOMBRE
2506;QUARTO BIO;2506;CONCOMBRE BIO
2507;QUATOR;2507;CHENE BLONDE
2508;QUATRINO;2508;CONCOMBRE
2509;QUEFIR;2509;CHENE BLONDE
2510;QUESTAR;2510;CHOU-CHINOIS
2511;QUESTAR BIO // R+10%;2511;CHOU-CHINOIS BIO
2512;QUICE;2512;CHENE BLONDE
2513;QUICKSTAR;2513;CHOU-RAVE
2514;QUINE;2514;COURGETTE
2515;QUINTOA;2515;CHENE BLONDE
2516;QUIOS;2516;COURGETTE
2517;QUIOS BIO;2517;COURGETTE BIO
2518;QUISSAC;2518;BATAVIA BLONDE
2519;QUITO;2519;CHENE BLONDE
2520;RABEA;2520;COURGE
2521;RACE DE NICE;2521;BLETTE
2522;RACE DE NICE BIO;2522;BLETTE BIO
2523;RACOON;2523;EPINARD
2524;RACOON BIO;2524;EPINARD BIO
2525;RADAR;2525;PORTE GREFFE
2526;RADIS;2526;RADIS RAVE
2527;RADIS BIO;2527;DIVERS BIO
2528;RADIS G.F.;2528;RADIS RAVE
2529;RADJA;2529;POIVRON
2530;RADJA BIO;2530;POIVRON BIO
2531;RAFALE;2531;ROUGETTE
2532;RAFALE BIO;2532;ROUGETTE BIO
2533;RAFFAELLO;2533;CHICOREE
2534;RAFFY;2534;TOMATE
2535;RAIMU;2535;POIVRON
2536;RALOLA;2536;ROMAINE
2537;RAMCO;2537;CHOU-CHOUCROUTE
2538;RAMDOR;2538;HARICOT
2539;RAMDOR BIO;2539;HARICOT BIO
2540;RAMONETE BIO;2540;POIVRON BIO
2541;RANIA;2541;AUBERGINE
2542;RANIA BIO;2542;AUBERGINE BIO
2543;RAZOLO;2543;TOMATE
2544;READY;2544;TOMATE
2545;REBALL;2545;CHOU-LISSE ROUGE
2546;REBECCA;2546;TOMATE
2547;REBELION;2547;TOMATE
2548;REBOUILLON;2548;OIGNON
2549;RECOLETA BIO;2549;FRISEE BIO
2550;REDARLING;2550;CHOU-BRUXELLES
2551;RED BARON;2551;OIGNON
2552;RED BARON BIO;2552;OIGNON BIO
2553;REDBOR;2553;CHOU-KALE
2554;REDBOR BIO;2554;CHOU-KALE BIO
2555;RED BULL;2555;OIGNON
2556;RED CHARD;2556;BLETTE
2557;RED CHARD CHARLIK BIO;2557;BLETTE BIO
2558;RED CHARD RUBIK BIO;2558;POIREE ROUGE BIO
2559;REDGUARD;2559;CHOU-ROUGE
2560;REDIX BIO;2560;TOMATE CONSERVE BIO
2561;RED JEWEL;2561;CHOU-CABUS
2562;REDKURI;2562;POTIMARRON
2563;REDLANDER;2563;OIGNON
2564;REDLANDER BIO;2564;OIGNON BIO
2565;REDMA;2565;CHOU-ROUGE
2566;RED MOON;2566;OIGNON
2567;REDOUTABLE;2567;CHOU-FLEUR
2568;REDOUTABLE BIO;2568;CHOU-FLEUR BIO
2569;RED PEAR ;2569;TOMATE
2570;RED PEAR BIO;2570;TOMATE BIO
2571;REDROVER;2571;OIGNON
2572;REDSHINE;2572;OIGNON
2573;REDSKY;2573;TOMATE CONSERVE
2574;REDSKY CHOUX;2574;CHOU-ROUGE
2575;RED STAR;2575;PASTEQUE
2576;RED ZEBRA;2576;TOMATE
2577;REGAL;2577;CORNICHON
2578;REGALE BIO ROUGETTE;2578;ROUGETTE BIO
2579;REGALE COURGE;2579;COURGE
2580;REGALE ROUGETTE;2580;ROUGETTE
2581;REGENCY;2581;CHOU-POINTU
2582;REGLISSE BIO;2582;BASILIC BIO
2583;REGUS;2583;PASTEQUE
2584;REINE DES GLACES;2584;LAITUE
2585;REINE DES GLACES BIO;2585;LAITUE BIO
2586;REIS;2586;CHOU-FLEUR
2587;RELYS;2587;POIVRON
2588;RELYS BIO;2588;POIVRON BIO
2589;RENAI BIO;2589;CHENE ROUGE BIO
2590;RENARDE;2590;CHENE ROUGE
2591;RENEGADE;2591;COURGETTE
2592;RENOIR;2592;CONCOMBRE
2593;RESCUE;2593;CHOU-ROUGE
2594;RESCUE BIO;2594;CHOU-ROUGE BIO
2595;RESIMA;2595;CHOU-ROUGE
2596;RESTORA;2596;OIGNON
2597;RETOUR PLATEAUX SALADE BIO;2597;RETOUR PLATEAUX SALADE BIO
2598;RETOUR PLATEAUX SALADE BIO G.F.;2598;RETOUR PLATEAUX SALADE BIO
2599;RETOUR PLATEAUX SALADES;2599;RETOUR PLATEAUX SALADE
2600;REVA;2600;TOMATE
2601;REVA BIO;2601;TOMATE BIO
2602;REVEL;2602;MELON
2603;REVEL BIO;2603;MELON BIO
2604;REVELLE;2604;MACHE
2605;REX PG/NPG;2605;CELERI RAVE
2606;RHINO;2606;POIVRON
2607;RHODIUM;2607;TOMATE
2608;RHONDA;2608;BETTERAVE
2609;RHUBARB CHARD RUBIS;2609;BLETTE
2610;RHUBARBE BIO;2610;DIVERS BIO
2611;RIADO;2611;AUBERGINE
2612;RICURA;2612;MELON
2613;RIGAS;2613;COURGETTE
2614;RIGOLETTO;2614;CHOU-FRISE
2615;RIGOLETTO BIO;2615;CHOU-FRISE BIO
2616;RIMINI (K7);2616;TOMATE
2617;RIOCA;2617;AUBERGINE
2618;RIOCA BIO;2618;AUBERGINE BIO
2619;RIO GRANDE;2619;TOMATE
2620;RIO GRANDE BIO;2620;TOMATE BIO
2621;RIOJA;2621;CHOU-BROCOLI
2622;ROBIK;2622;PERSIL FRISE
2623;ROBIK BIO;2623;PERSIL FRISE BIO
2624;ROBINSON;2624;MELON
2625;ROBLE;2625;POIVRON
2626;ROBLEO BIO;2626;MELON BIO
2627;ROBUST;2627;PERSIL FRISE
2628;ROBY;2628;AUBERGINE
2629;ROCAMBOLE;2629;BATAVIA BLONDE
2630;ROCAMBOLE BIO;2630;BATAVIA BLONDE BIO
2631;ROCCKER;2631;CONCOMBRE
2632;ROCODORO;2632;OIGNON
2633;RODYNDA BIO;2633;CHOU-ROUGE BIO
2634;ROJADO;2634;BATAVIA ROUGE
2635;ROLLINSON'S TELEGRAPH BIO;2635;CONCOMBRE BIO
2636;ROMAI;2636;CHENE ROUGE
2637;ROMAINE;2637;ROMAINE
2638;ROMAINE BIO;2638;ROMAINE BIO
2639;ROMAINE BIO G.F.;2639;ROMAINE BIO
2640;ROMAINE G.F.;2640;ROMAINE
2641;ROMAINE NB;2641;ROMAINE
2642;ROMANELLA;2642;TOMATE
2643;ROMANOV;2643;CHOU-ROUGE
2644;ROMANTIC;2644;PASTEQUE
2645;ROMARIN;2645;ROMARIN
2646;ROMARIN BIO;2646;ROMARIN BIO
2647;ROMARIN BIO G.F.;2647;ROMARIN BIO
2648;ROMARIN G.F.;2648;ROMARIN
2649;ROMARIN OFFICINALE BIO;2649;ROMARIN BIO
2650;ROMATICO;2650;TOMATE
2651;ROMINA;2651;PASTEQUE
2652;RONCERO;2652;MELON
2653;RONDE DE NICE;2653;COURGETTE
2654;RONDE DE NICE BIO;2654;COURGETTE BIO
2655;RONDE DE VALENCE;2655;AUBERGINE
2656;RONDE DE VALENCE BIO;2656;AUBERGINE BIO
2657;RONDO;2657;FENOUIL
2658;RONDO BIO FENOUIL;2658;FENOUIL BIO
2659;RONDO BIO POIS;2659;POIS BIO
2660;ROOKIE;2660;CHOU-ROUGE
2661;ROOKIE BIO;2661;CHOU-ROUGE BIO
2662;ROONEY;2662;LOLLO ROUGE
2663;ROQUETTE;2663;ROQUETTE
2664;ROQUETTE BIO;2664;ROQUETTE BIO
2665;ROQUETTE BIO G.F.;2665;ROQUETTE BIO
2666;ROQUETTE G.F.;2666;ROQUETTE
2667;ROSALYA;2667;TOMATE
2668;ROSE DE BERNE;2668;TOMATE
2669;ROSE DE BERNE BIO;2669;TOMATE BIO
2670;ROSSA DI FIRENZE BIO;2670;OIGNON BIO
2671;ROTORUA;2671;POTIMARRON
2672;ROUGE DE TOULOUGES;2672;OIGNON
2673;ROUGE DE TOULOUGES BIO;2673;OIGNON BIO
2674;ROUGE DE VERONE;2674;CHICOREE
2675;ROUGETTE;2675;ROUGETTE
2676;ROUGETTE BIO;2676;ROUGETTE BIO
2677;ROUGETTE BIO G.F.;2677;ROUGETTE BIO
2678;ROUGETTE G.F.;2678;ROUGETTE
2679;ROUGETTE MONTPELLIER BIO;2679;ROUGETTE BIO
2680;ROUGETTE NB;2680;ROUGETTE
2681;ROUGE VIF D'ETAMPES;2681;COURGE
2682;ROUGE VIF D'ETAMPES BIO;2682;COURGE BIO
2683;ROXANE;2683;TOMATE
2684;ROXY;2684;CHOU-ROUGE
2685;ROZERA;2685;CHOU-ROUGE
2686;ROZESTAR;2686;TOMATE
2687;RS 841;2687;PORTE GREFFE
2688;RS 841 BIO;2688;PORTE GREFFE BIO
2689;RUBRO;2689;CHICOREE
2690;RUGBY;2690;TOMATE
2691;RUMBA BIO PG/NPG;2691;CELERI BRANCHE BIO
2692;RUMBA PG/NPG;2692;CELERI BRANCHE
2693;RUNNER;2693;TOMATE
2694;RUSSE;2694;TOMATE
2695;RUSSE BIO;2695;TOMATE BIO
2696;RUSSE NOIRE;2696;TOMATE
2697;RUSSE ROUGE;2697;TOMATE
2698;RUSTICO;2698;TOMATE CONSERVE
2699;SACRAMENTO;2699;CHOU-BROCOLI
2700;SADECOLE;2700;BATAVIA BLONDE
2701;SAILOR;2701;TOMATE CONSERVE
2702;SAILOR BIO;2702;TOMATE CONSERVE BIO
2703;SAINT-PIERRE;2703;TOMATE
2704;SAINT PIERRE BIO;2704;TOMATE BIO
2705;SALADE;2705;SALADE
2706;SALADE BIO;2706;SALADE BIO
2707;SALADE BIO G.F.;2707;SALADE BIO
2708;SALADE G.F.;2708;SALADE
2709;SALADES GRAINES FOURNIES;2709;LAITUE
2710;SALAMANDER;2710;EPINARD
2711;SALAMANDER BIO;2711;EPINARD BIO
2712;SALUREK;2712;BATAVIA BLONDE
2713;SALUREK BIO;2713;BATAVIA BLONDE BIO
2714;SALZILLO;2714;COURGETTE
2715;SALZILLO BIO;2715;COURGETTE BIO
2716;SAMBO;2716;ARTICHAUT
2717;SAMBO BIO;2717;ARTICHAUT BIO
2718;SAMMIR;2718;CHENE BLONDE
2719;SAMSON;2719;POIVRON
2720;SAMSON BIO;2720;POIVRON BIO
2721;SANATERRA;2721;PORTE GREFFE
2722;SANATERRA BIO;2722;PORTE GREFFE BIO
2723;SANGRILA;2723;TOMATE
2724;SANGUINO;2724;CHOU-CHINOIS
2725;SANKA;2725;SCAROLE
2726;SAN MARZANO;2726;TOMATE
2727;SAN MARZANO BIO;2727;TOMATE BIO
2728;SANTASTY BIO;2728;TOMATE BIO
2729;SANTEE;2729;CHOU-BROCOLI
2730;SANTORIN;2730;MELON
2731;SARAMIR BIO;2731;MELON BIO
2732;SARBACANE;2732;CHENE BLONDE
2733;SARBACANE BIO;2733;CHENE BLONDE BIO
2734;SARIETTE BIO;2734;SARRIETTE BIO
2735;SARIETTE BIO G.F.;2735;SARRIETTE BIO
2736;SARIETTE G.F.;2736;SARRIETTE
2737;SARMELO;2737;CHOU-CABUS
2738;SAROGA;2738;BATAVIA BLONDE
2739;SARRASIN BIO;2739;SARRASIN BIO
2740;SARRASIN BIO G.F.;2740;SARRASIN BIO
2741;SARRIETTE;2741;SARRIETTE
2742;SASSARI;2742;TOMATE
2743;SASSARI BIO;2743;TOMATE BIO
2744;SASSOLUNGO;2744;CHOU-FLEUR
2745;SATELITE;2745;COURGETTE
2746;SATELITE BIO;2746;COURGETTE BIO
2747;SAUGE;2747;SAUGE
2748;SAUGE BIO;2748;SAUGE BIO
2749;SAUGE BIO G.F.;2749;SAUGE BIO
2750;SAUGE G.F.;2750;SAUGE
2751;SAVONARCH;2751;CHOU-FRISE
2752;SAVOY-KING;2752;CHOU-FRISE
2753;SCANSIE;2753;CHOU-CHINOIS
2754;SCAROLE;2754;SCAROLE
2755;SCAROLE BIO;2755;SCAROLE BIO
2756;SCAROLE BIO G.F.;2756;SCAROLE BIO
2757;SCAROLE G.F.;2757;SCAROLE
2758;SCAROLE NB;2758;SCAROLE
2759;SCARVITA;2759;CHOU-CHINOIS
2760;SCELLO;2760;CHOU-BROCOLI
2761;SEANCE;2761;SCAROLE
2762;SEANCE BIO;2762;SCAROLE BIO
2763;SEANETO;2763;MELON
2764;SEANETO BIO;2764;MELON BIO
2765;SENNA;2765;CHOU-CABUS
2766;SENSO;2766;LOLLO ROUGE
2767;SENSO BIO;2767;LOLLO ROUGE BIO
2768;SENTINEL BIO ;2768;MAIS BIO
2769;SEPTDOR;2769;CHOU-CHOUCROUTE
2770;SEPTIMA;2770;CHOU-CHOUCROUTE
2771;SERAC;2771;CHOU-FLEUR
2772;SERAFIN;2772;MELON
2773;SERAFIN BIO;2773;MELON BIO
2774;SERENA;2774;AUBERGINE
2775;SERENADE;2775;PASTEQUE
2776;SERENADE BIO;2776;PASTEQUE BIO
2777;SERENGHETI;2777;TOMATE
2778;SERPENTINE;2778;CHOU-FRISE
2779;SEURAT;2779;MULTIFEUILLE ROUGE
2780;SEVENOLE;2780;BATAVIA BLONDE
2781;SHAFTON;2781;POIREAU
2782;SHAKIRA;2782;AUBERGINE
2783;SHAKIRA;2783;CONCOMBRE
2784;SHAKIRA;2784;PIMENT
2785;SHAKIRA BIO;2785;AUBERGINE BIO
2786;SHAKIRA BIO PIMENT;2786;PIMENT BIO
2787;SHARAPOVA;2787;AUBERGINE
2788;SHENTAI;2788;CHENE ROUGE
2789;SHENTAI BIO;2789;CHENE ROUGE BIO
2790;SHIATSU;2790;COURGE
2791;SHISO;2791;DIVERS
2792;SHISO BIO;2792;DIVERS BIO
2793;SHUBAKA;2793;BATAVIA BLONDE
2794;SHUBAKA BIO;2794;BATAVIA BLONDE BIO
2795;SIBARI;2795;CHOU-FLEUR
2796;SIBELLE;2796;COURGE
2797;SIBILLA;2797;BLETTE
2798;SIGNALE;2798;ROUGETTE
2799;SIGNORIS;2799;BATAVIA BLONDE
2800;SIMBARI;2800;FRISEE
2801;SIMIANE;2801;OIGNON
2802;SINGAPORE;2802;LAITUE
2803;SINISA;2803;LAITUE ROUGE
2804;SINTINAL;2804;FRISEE
2805;SIR;2805;CHOU-LISSE
2806;SIR ELYAN;2806;TOMATE
2807;SIR ELYAN BIO;2807;TOMATE BIO
2808;SIRIANA;2808;CONCOMBRE
2809;SIROCCO;2809;MELON
2810;SIROCCO BIO;2810;MELON BIO
2811;SKILTON;2811;MULTIFEUILLE BLONDE
2812;SKINER;2812;OIGNON
2813;SKIPPER;2813;CHOU-FLEUR
2814;SKYWALKER;2814;CHOU-FLEUR
2815;SKYWALKER BIO;2815;CHOU-FLEUR BIO
2816;SLIM JIM;2816;AUBERGINE
2817;SMOLIN;2817;MULTIFEUILLE BLONDE
2818;SNACKOR;2818;POIVRON
2819;SNOOKER;2819;PORTE GREFFE
2820;SNOOKER BIO;2820;PORTE GREFFE BIO
2821;SOBERANO;2821;MELON
2822;SOFIANE;2822;PIMENT
2823;SOLARIS;2823;FENOUIL
2824;SOLARIS BIO;2824;FENOUIL BIO
2825;SOLFEGGIO;2825;TOMATE
2826;SOLIBEL;2826;MELON
2827;SOLID;2827;PERSIL FRISE
2828;SOLIDUS;2828;CHOU-BRUXELLES
2829;SOLISTA;2829;HARICOT
2830;SOLISTA BIO ;2830;HARICOT BIO
2831;SOLISTAR;2831;CHOU-FLEUR
2832;SOLSTICE;2832;OIGNON
2833;SOMBRA;2833;HARICOT
2834;SONSMA;2834;CHOU-POINTU
2835;SORENTYNO;2835;TOMATE
2836;SORENTYNO BIO;2836;TOMATE BIO
2837;SORGHO BIO;2837;DIVERS BIO
2838;SORIA;2838;ROQUETTE
2839;SP7 BIO;2839;PASTEQUE BIO
2840;SPACESTAR;2840;CHOU-FLEUR
2841;SPACESTAR GOLD;2841;CHOU-FLEUR
2842;SPADI;2842;POIVRON
2843;SPAGHETTI ORANGETTI;2843;COURGE
2844;SPAGHETTI TIVOLI;2844;COURGE
2845;SPAGHETTI VEGETAL BIO;2845;COURGE BIO
2846;SPELLO;2846;CHOU-BROCOLI
2847;SPINEL;2847;CHOU-FRISE
2848;SPLENDID;2848;PERSIL PLAT
2849;SPLENDID BIO;2849;PERSIL PLAT BIO
2850;SPRING LIGHT;2850;POTIMARRON
2851;SPRINKIN;2851;ICEBERG
2852;SPRINTER;2852;POIVRON
2853;SPRINTER BIO;2853;POIVRON BIO
2854;SPYRO;2854;COURGE
2855;SQUADRON;2855;CHOU-LISSE
2856;STAR GOLD;2856;TOMATE
2857;STARLOR;2857;TOMATE
2858;STARLOR BIO;2858;TOMATE BIO
2859;STEEL;2859;CHOU-BROCOLI
2860;STEEL BIO;2860;CHOU-BROCOLI BIO
2861;STELLIO;2861;MELON
2862;STELLIO BIO;2862;MELON BIO
2863;STENTOR;2863;HARICOT
2864;STENTOR BIO;2864;HARICOT BIO
2865;STEVIA REBAUDIANA BIO;2865;DIVERS BIO
2866;STOREMA;2866;CHOU-LISSE
2867;STORI;2867;FRISEE
2868;STORIDOR;2868;CHOU-LISSE
2869;STRADIA;2869;COURGETTE
2870;STRIKE BIO;2870;COURGETTE BIO
2871;STRIPETTI;2871;COURGE
2872;STRIPETTI BIO;2872;COURGE BIO
2873;STT3;2873;PORTE GREFFE
2874;STT3 BIO;2874;PORTE GREFFE BIO
2875;STT3-E;2875;PORTE GREFFE
2876;STT3-E BIO;2876;PORTE GREFFE BIO
2877;STYLE;2877;PASTEQUE
2878;STYLE BIO;2878;PASTEQUE BIO
2879;SUBARO BIO;2879;CHOU-ROUGE BIO
2880;SUBASIO;2880;CHOU-FLEUR
2881;SUCETTE;2881;PIMENT
2882;SUCRINE;2882;SUCRINE
2883;SUCRINE BIO;2883;SUCRINE BIO
2884;SUCRINE BIO G.F.;2884;SUCRINE BIO
2885;SUCRINE DU BERRY BIO;2885;COURGE BIO
2886;SUCRINE G.F.;2886;SUCRINE
2887;SUGAR BABY;2887;PASTEQUE
2888;SUGAR BABY BIO;2888;PASTEQUE BIO
2889;SULTANE;2889;AUBERGINE
2890;SULTANE BIO;2890;AUBERGINE BIO
2891;SUMMER SUN;2891;TOMATE
2892;SUMMER SUN BIO;2892;TOMATE BIO
2893;SUMUM;2893;CONCOMBRE
2894;SUNANGEL;2894;EPINARD
2895;SUNBOR;2895;CHOU-FRISE
2896;SUNBURST;2896;PATISSON
2897;SUNGOLD;2897;TOMATE
2898;SUNGOLD BIO;2898;TOMATE BIO
2899;SUNGREEN;2899;TOMATE
2900;SUNLIGHT BIO;2900;COURGETTE BIO
2901;SUNLIGHT COURGETTE;2901;COURGETTE
2902;SUNLIGHT MELON;2902;MELON
2903;SUN LOVE;2903;PASTEQUE
2904;SUNPEACH;2904;TOMATE
2905;SUNTIME BIO;2905;TOMATE BIO
2906;SUPERSTEAK;2906;TOMATE
2907;SUPERSTEAK BIO;2907;TOMATE BIO
2908;SUPERSWEET 100;2908;TOMATE
2909;SUPERSWEET 100 BIO;2909;TOMATE BIO
2910;SUPERVOY;2910;CHOU-FRISE
2911;SUSANA;2911;CHOU-FLEUR VERT
2912;SUSANA BIO;2912;CHOU-FLEUR VERT BIO
2913;SUZY;2913;FRISEE
2914;SV1065LA;2914;BATAVIA BLONDE
2915;SV1491;2915;TOMATE CONSERVE
2916;SV 5965 AC;2916;CHOU-FLEUR
2917;SV62/03 BIO;2917;EPINARD BIO
2918;SV6556 BIO;2918;MELON BIO
2919;SV6556MC;2919;MELON
2920;SVMA6558 CANDY;2920;MELON
2921;SVMA7484;2921;MELON
2922;SVMP6558;2922;MELON
2923;SWEEDOR;2923;TOMATE
2924;SWEET BABY;2924;TOMATE
2925;SWEET DUMPLING;2925;COURGE
2926;SYMPATHY;2926;POIVRON
2927;SYROS;2927;COURGETTE
2928;SYROS BIO;2928;COURGETTE BIO
2929;TABALUGA;2929;CHOU-CHINOIS
2930;TABALUGA BIO;2930;CHOU-CHINOIS BIO
2931;TAFTA;2931;BATAVIA BLONDE
2932;TAIYO;2932;TOMATE
2933;TAIYO BIO;2933;TOMATE BIO
2934;TAKODA;2934;LAITUE
2935;TALVENA;2935;CHOU-FLEUR
2936;TALVENA BIO;2936;CHOU-FLEUR BIO
2937;TAMARINDO;2937;CHOU-CABUS
2938;TAMARIS;2938;TOMATE
2939;TANAKAN;2939;CHENE ROUGE
2940;TANAKAN BIO;2940;CHENE ROUGE BIO
2941;TANGO BIO PG/NPG;2941;CELERI BRANCHE BIO
2942;TANGO PG/NPG (CELERI);2942;CELERI BRANCHE
2943;TANKINI;2943;TOMATE
2944;TANKINI BIO;2944;TOMATE BIO
2945;TASTYNO;2945;TOMATE
2946;TASTYNO BIO;2946;TOMATE BIO
2947;TATUIN;2947;CHOU-FLEUR
2948;TAURO;2948;FENOUIL
2949;TAURO BIO;2949;FENOUIL BIO
2950;TAYLOR;2950;TOMATE CONSERVE
2951;TEAMA;2951;CHOU-POINTU
2952;TEBAS;2952;FRISEE
2953;TEBAS BIO;2953;FRISEE BIO
2954;TEIDE;2954;BATAVIA ROUGE
2955;TEIDE BIO;2955;BATAVIA ROUGE BIO
2956;TEJO BIO;2956;CONCOMBRE BIO
2957;TELEPATI;2957;LAITUE
2958;TEMPRA;2958;COURGETTE
2959;TENOR;2959;POIVRON
2960;TERAMO;2960;LOLLO BLONDE
2961;TERAMO BIO;2961;LOLLO BLONDE BIO
2962;TERCIUS;2962;ROMAINE
2963;TERRADOU;2963;TOMATE CONSERVE
2964;TERRAZZI;2964;POIVRON
2965;TETHYS;2965;COURGETTE
2966;TETRAGONE;2966;TETRAGONE
2967;TETRAGONE BIO;2967;TETRAGONE BIO
2968;TETRAGONE BIO G.F.;2968;TETRAGONE BIO
2969;TETRAGONE G.F.;2969;TETRAGONE
2970;THAI BIO;2970;BASILIC BIO
2971;THAI SIAM QUEEN;2971;BASILIC
2972;THAI SIAM QUEEN BIO;2972;BASILIC BIO
2973;THAI SITA;2973;BASILIC
2974;THALASSA;2974;CHOU-FLEUR
2975;THALASSA BIO;2975;CHOU-FLEUR BIO
2976;THASSOS;2976;CHOU-BROCOLI
2977;THEA;2977;LOLLO ROUGE
2978;THEA BIO;2978;LOLLO ROUGE BIO
2979;THYM;2979;THYM
2980;THYMALIA;2980;THYM
2981;THYMALIA BIO;2981;THYM BIO
2982;THYM BIO;2982;THYM BIO
2983;THYM BIO G.F.;2983;THYM BIO
2984;THYM G.F.;2984;THYM
2985;TIANA;2985;COURGE
2986;TIGERELLA BIO;2986;TOMATE BIO
2987;TILOS;2987;COURGETTE
2988;TILOS BIO;2988;COURGETTE BIO
2989;TIMENTA;2989;TOMATE
2990;TIMENTA BIO;2990;TOMATE BIO
2991;TIMON;2991;MELON
2992;TIRANO;2992;CONCOMBRE
2993;TIREX;2993;POIVRON
2994;TIROLE;2994;BATAVIA BLONDE
2995;TIROUGE;2995;TOMATE
2996;TIRRENO;2996;CHOU-BROCOLI
2997;TIRRENO BIO;2997;CHOU-BROCOLI BIO
2998;TISTRATA;2998;TOMATE
2999;TITANUS BIO;2999;COURGETTE BIO
3000;TIVANO;3000;COURGE
3001;TIVANO BIO;3001;COURGE BIO
3002;TIVERTA;3002;TOMATE
3003;TIVERTA BIO;3003;TOMATE BIO
3004;TIZIANO ;3004;COURGETTE
3005;TOLERIX BIO;3005;TOMATE CONSERVE BIO
3006;TOMANDE;3006;TOMATE
3007;TOMATE;3007;TOMATE
3008;TOMATE BIO;3008;TOMATE BIO
3009;TOMATE BIO G.F.;3009;TOMATE BIO
3010;TOMATE CONSERVE;3010;TOMATE CONSERVE
3011;TOMATE CONSERVE BIO;3011;TOMATE CONSERVE BIO
3012;TOMATE CONSERVE BIO G.F.;3012;TOMATE CONSERVE BIO
3013;TOMATE CONSERVE G.F.;3013;TOMATE CONSERVE
3014;TOMATE G.F.;3014;TOMATE
3015;TOMBELO;3015;LAITUE
3016;TONALE;3016;CHOU-FLEUR
3017;TONGA;3017;MELON
3018;TONIANCE;3018;SCAROLE
3019;TOPIK ;3019;PIMENT
3020;TOPMA;3020;CHOU-LISSE
3021;TOREADOR;3021;CHOU-LISSE
3022;TORO;3022;PASTEQUE
3023;TORUM;3023;MELON
3024;TORUM BIO;3024;MELON BIO
3025;TOSCA;3025;COURGETTE
3026;TOTALAI;3026;CHENE ROUGE
3027;TOTALAI BIO;3027;CHENE ROUGE BIO
3028;TOTEM;3028;OIGNON
3029;TOURBILLON;3029;BATAVIA BLONDE
3030;TOUTATIS;3030;LAITUE
3031;TOUTATIS BIO;3031;LAITUE BIO
3032;TRAITEMENT;3032;TRAITEMENT
3033;TRAJECT;3033;LOLLO ROUGE
3034;TRALEX;3034;MULTIFEUILLE ROUGE
3035;TRALEX BIO;3035;MULTIFEUILLE ROUGE BIO
3036;TRANSPERO;3036;LAITUE
3037;TRANSPERO BIO;3037;LAITUE BIO
3038;TRAVERO;3038;CHOU-ROUGE
3039;TRAVERO BIO;3039;CHOU-LISSE ROUGE BIO
3040;TRAVIATA;3040;AUBERGINE
3041;TRAVIATA BIO;3041;AUBERGINE BIO
3042;TREGONEY;3042;SUCRINE
3043;TREGONEY BIO;3043;SUCRINE BIO
3044;TRESOR;3044;PASTEQUE
3045;TREVI;3045;CHOU-FLEUR VERT
3046;TREVOR;3046;COURGE
3047;TRIBECA;3047;TOMATE
3048;TRIDENT;3048;CHOU-FLEUR
3049;TRILLY;3049;TOMATE
3050;TRINACRIA;3050;CHOU-FLEUR
3051;TRIOMPHANT;3051;CHOU-FLEUR
3052;TRIOMPHANT BIO;3052;CHOU-FLEUR BIO
3053;TRIVAL;3053;BATAVIA ROUGE
3054;TROFEO;3054;CHOU-FLEUR
3055;TROKADERO;3055;MELON
3056;TROMBOCINO D'ALBENGA;3056;COURGE
3057;TRONUS;3057;TOMATE
3058;TROPHY;3058;MACHE
3059;TROPHY BIO;3059;MACHE BIO
3060;TROPICAL HONEY;3060;PASTEQUE
3061;TRUENO;3061;CONCOMBRE
3062;TRUVATURA;3062;TOMATE
3063;TSONGA;3063;BATAVIA BLONDE
3064;TUMATICA;3064;TOMATE CONSERVE
3065;TURIN;3065;POIREAU
3066;TUTTI FRUTTI;3066;TOMATE
3067;TUTTI SUN;3067;TOMATE
3068;TWINGO;3068;POIVRON
3069;TWINGO BIO;3069;POIVRON BIO
3070;TWISTIQUE;3070;CHOU-FLEUR
3071;TWITTER;3071;COURGETTE
3072;TWITTER BIO;3072;COURGETTE BIO
3073;TYCOON;3073;OIGNON
3074;TYCOON BIO;3074;OIGNON BIO
3075;TYFRANE;3075;TOMATE
3076;TYPHOON;3076;CHOU-LISSE
3077;TYPHOON BIO;3077;CHOU-LISSE BIO
3078;TYPICAL;3078;CHOU-FLEUR
3079;TZ 148;3079;PORTE GREFFE
3080;TZ 148 BIO;3080;PORTE GREFFE BIO
3081;UBAC;3081;CHOU-FLEUR
3082;UCHIKI KURI;3082;POTIMARRON
3083;UCHIKI KURI BIO;3083;POTIMARRON BIO
3084;UG1122713;3084;TOMATE CONSERVE
3085;UPPER;3085;TOMATE
3086;URANUS;3086;PAIN DE SUCRE
3087;URANUS BIO;3087;PAIN DE SUCRE BIO
3088;URKAN;3088;MELON
3089;USSAR;3089;TOMATE CONSERVE
3090;UTAH;3090;CHOU-LISSE
3091;VAIANA;3091;BUTTERNUT
3092;VAIANA BIO;3092;COURGE BIO
3093;VALDOR;3093;POIVRON
3094;VALDOR BIO;3094;POIVRON BIO
3095;VALDORIA;3095;PASTEQUE
3096;VALENCIANA TARDIA;3096;OIGNON
3097;VALEOSO;3097;MELON
3098;VALEOSO BIO;3098;MELON BIO
3099;VANESSA;3099;PASTEQUE
3100;VANESSA 2002SO BIO;3100;DIVERS BIO
3101;VANESSA BIO;3101;PASTEQUE BIO
3102;VARICO 3;3102;THYM
3103;VARICO 3 BIO;3103;THYM BIO
3104;VASARI;3104;FENOUIL
3105;VEDIS;3105;CHOU-FLEUR
3106;VELETA;3106;POIVRON
3107;VELVET;3107;POIVRON
3108;VENANCE;3108;SCAROLE
3109;VERBO;3109;PERSIL FRISE
3110;VERDI;3110;CARDON
3111;VERLENZA;3111;TOMATE
3112;VERNAL;3112;AUBERGINE
3113;VERONICA;3113;CHOU-ROMANESCO
3114;VERONICA BIO;3114;CHOU-ROMANESCO BIO
3115;VERTE A CARDE BLANCHE 2  BIO;3115;BLETTE BIO
3116;VERT ESPAGNOL BIO;3116;MELON BIO
3117;VERVEINE;3117;VERVEINE
3118;VERVEINE BIO;3118;VERVEINE BIO
3119;VERVEINE BIO G.F.;3119;VERVEINE BIO
3120;VERVEINE G.F.;3120;VERVEINE
3121;VESCE BIO;3121;VESCE BIO
3122;VESCE BIO G.F.;3122;VESCE BIO
3123;VESPAC;3123;BATAVIA BLONDE
3124;VESPERAL;3124;HARICOT
3125;VESPERAL BIO;3125;HARICOT BIO
3126;VESPERO BIO;3126;PAIN DE SUCRE BIO
3127;VETTEL;3127;CHOU-LISSE
3128;VICARY;3128;LAITUE
3129;VICTORIA;3129;COURGETTE
3130;VICTORIO;3130;FENOUIL
3131;VICTORIO BIO;3131;FENOUIL BIO
3132;VICTORIOSO;3132;CONCOMBRE
3133;VIDI BIO;3133;POIVRON BIO
3134;VIGGO;3134;CONCOMBRE
3135;VILANDRY;3135;LAITUE
3136;VILBEL;3136;HARICOT
3137;VILI;3137;LOLLO BLONDE
3138;VIOLETTE DE FLORENCE BIO;3138;AUBERGINE BIO
3139;VITABEL;3139;BATAVIA BLONDE
3140;VITALIC ;3140;COURGETTE
3141;VITALIC BIO;3141;COURGETTE BIO
3142;VITALIS;3142;HARICOT
3143;VITALIS BIO;3143;HARICOT BIO
3144;VITAVERDE;3144;CHOU-FLEUR VERT
3145;VIT BIO;3145;MACHE BIO
3146;VIVOR;3146;COURGE
3147;VIVOR BIO;3147;COURGE BIO
3148;VLADIMA;3148;CHOU-CABUS
3149;VOGUE;3149;CHOU-FLEUR
3150;VOLCANA;3150;SUCRINE
3151;VOLTALIE;3151;BATAVIA BLONDE
3152;VOLTURNIO;3152;POIVRON
3153;VOLTURNIO BIO;3153;POIVRON BIO
3154;VOLUPTA BIO;3154;MELON BIO
3155;VOLUPTUOSO;3155;TOMATE
3156;VUELTA;3156;OIGNON
3157;VULCAN;3157;TOMATE CONSERVE
3158;VULSPOT;3158;TOMATE CONSERVE
3159;WALDO;3159;POIVRON
3160;WASHINGTON;3160;TOMATE
3161;WHISPER;3161;LAITUE
3162;WHISPER BIO;3162;LAITUE BIO
3163;WHITE GOLD;3163;CHOU-FLEUR
3164;WHITE OPERA;3164;OIGNON
3165;WINNETOU;3165;CHOU-KALE
3166;WINNETOU BIO;3166;CHOU-KALE BIO
3167;WINTERBOR;3167;CHOU-KALE
3168;WINTERBOR BIO;3168;CHOU-KALE BIO
3169;WINTESSA;3169;CHOU-FRISE
3170;WIROSA;3170;CHOU-FRISE
3171;WIROSA BIO;3171;CHOU-FRISE BIO
3172;WOODPECKER;3172;EPINARD
3173;WOODPECKER BIO;3173;EPINARD BIO
3174;XALBADORA BIO;3174;ROMAINE BIO
3175;XEM;3175;MULTIFEUILLE ROUGE
3176;XENON;3176;LOLLO ROUGE
3177;XUSHOU ;3177;CHOU-CHINOIS
3178;YAKALO;3178;EPINARD
3179;YALTA BIO;3179;TOMATE BIO
3180;YAMBU;3180;ROMAINE
3181;YANKA;3181;POIVRON
3182;YELLOW DONUT;3182;TOMATE
3183;YELLOWFIN;3183;COURGETTE
3184;YELLOWFIN BIO;3184;COURGETTE BIO
3185;YELLOW FUN;3185;MELON
3186;YELLOW PEAR;3186;TOMATE
3187;YELLOW PEARSHAPED BIO;3187;TOMATE BIO
3188;YELLOW PERFECTION;3188;TOMATE
3189;YELLOW STONE;3189;OIGNON
3190;YELLOW STUFFER;3190;TOMATE
3191;YELLOW STUFFER BIO;3191;TOMATE BIO
3192;YETI;3192;BATAVIA BLONDE
3193;YOUPPIE;3193;BATAVIA BLONDE
3194;YOU QING CHOI;3194;CHOU-CHINOIS
3195;ZANETTI;3195;POIVRON
3196;ZANORI;3196;BATAVIA BLONDE
3197;ZEBRINA;3197;AUBERGINE
3198;ZEBRINA BIO;3198;AUBERGINE BIO
3199;ZEFIROS;3199;COURGETTE
3200;ZEFIROS BIO;3200;COURGETTE BIO
3201;ZELIA;3201;COURGETTE
3202;ZELIA BIO;3202;COURGETTE BIO
3203;ZELINDA;3203;SCAROLE
3204;ZELINE;3204;BATAVIA BLONDE
3205;ZEMBRO;3205;CHENE BLONDE
3206;ZENDALI;3206;BATAVIA BLONDE
3207;ZENDALI BIO;3207;BATAVIA BLONDE BIO
3208;ZENITH;3208;BUTTERNUT
3209;ZEPELIN;3209;HARICOT
3210;ZEPELIN BIO;3210;HARICOT BIO
3211;ZEPHYR;3211;COURGE
3212;ZERLINA;3212;CHOU-LISSE
3213;ZILAMO;3213;LAITUE
3214;ZIMMAN BIO;3214;CONCOMBRE BIO
3215;ZODIAC;3215;COURGETTE
3216;ZODIAC BIO;3216;COURGETTE BIO
3217;ZORAGA;3217;BATAVIA BLONDE
3218;ZULFIA;3218;TOMATE
